avg_rating,num_of_reviews,price,Monday_open,Monday_close,Tuesday_open,Tuesday_close,Wednesday_open,Wednesday_close,Thursday_open,Thursday_close,Friday_open,Friday_close,Saturday_open,Saturday_close,Sunday_open,Sunday_close,Delivery,Dine-in,Takeout,Good for kids,Casual,Dinner,Lunch
2.2,15,2,4.0,0.0,4.0,0.0,4.0,0.0,4.0,0.0,4.0,0.0,4.0,0.0,4.0,0.0,1,0,0,0,0,0,0
4.1,28,1,11.0,21.0,11.0,21.0,11.0,21.0,11.0,21.0,11.0,21.0,11.0,21.0,11.0,21.0,1,1,1,1,1,1,1
4.3,54,1,10.0,23.0,10.0,23.0,10.0,23.0,10.0,23.0,10.0,23.0,10.0,23.0,11.0,23.0,1,0,0,1,0,0,0
3.8,18,2,5.0,23.0,5.0,23.0,5.0,23.0,5.0,23.0,5.0,23.0,5.0,23.0,5.0,23.0,1,0,0,0,0,0,0
4.3,75,1,11.0,21.0,11.0,21.0,11.0,21.0,11.0,21.0,11.0,21.0,11.0,21.0,11.0,20.0,1,1,1,1,1,1,1
3.9,28,2,11.0,23.0,11.0,23.0,11.0,23.0,11.0,23.0,11.0,23.0,11.0,23.0,12.0,22.0,1,1,1,0,0,0,0
3.7,98,2,11.0,22.0,11.0,22.0,11.0,22.0,11.0,22.0,11.0,23.0,11.0,23.0,11.0,22.0,1,0,1,1,1,1,1
4.4,18,1,11.0,22.0,11.0,22.0,11.0,22.0,11.0,22.0,11.0,22.0,11.0,22.0,11.0,22.0,0,0,0,0,0,0,0
3.5,48,1,11.0,23.0,11.0,23.0,11.0,23.0,11.0,23.0,11.0,0.0,11.0,0.0,11.0,23.0,1,0,1,0,1,0,0
4.2,38,1,7.0,16.0,7.0,16.0,7.0,16.0,7.0,16.0,7.0,16.0,7.0,16.0,7.0,16.0,1,1,1,1,1,0,1
4.3,16,1,7.0,20.0,7.0,20.0,7.0,20.0,7.0,20.0,7.0,20.0,7.0,20.0,7.0,20.0,1,0,0,1,0,0,0
3.6,54,1,11.0,22.0,11.0,22.0,11.0,22.0,11.0,22.0,11.0,0.0,11.0,0.0,11.0,22.0,1,0,1,1,0,0,0
4.4,128,1,6.0,21.0,6.0,21.0,6.0,21.0,6.0,21.0,6.0,21.0,6.0,21.0,6.0,21.0,1,1,1,1,1,1,1
4.1,35,1,10.0,22.0,10.0,22.0,10.0,22.0,11.0,22.0,11.0,23.0,11.0,23.0,13.0,21.0,1,1,1,1,1,1,1
4.6,128,1,10.0,21.0,10.0,21.0,10.0,21.0,10.0,21.0,10.0,21.0,11.0,21.0,11.0,21.0,1,1,1,1,1,1,1
3.7,38,2,11.0,21.0,11.0,21.0,11.0,21.0,11.0,21.0,11.0,22.0,11.0,22.0,11.0,21.0,1,0,0,1,0,0,0
4.6,123,1,11.0,21.0,11.0,22.0,11.0,22.0,11.0,22.0,11.0,22.0,11.0,22.0,12.0,21.0,1,1,1,1,1,1,1
4.4,264,1,12.0,22.0,12.0,22.0,12.0,22.0,12.0,22.0,12.0,22.0,12.0,22.0,12.0,22.0,1,1,1,1,1,1,1
4.2,203,1,10.0,22.0,10.0,22.0,10.0,22.0,10.0,22.0,10.0,22.0,10.0,22.0,10.0,22.0,1,0,1,1,1,1,1
4.0,108,1,10.0,21.0,10.0,21.0,10.0,21.0,10.0,21.0,10.0,21.0,10.0,21.0,10.0,21.0,1,1,1,1,1,1,1
4.1,26,2,11.0,22.0,11.0,22.0,11.0,22.0,11.0,22.0,11.0,22.0,11.0,22.0,11.0,22.0,1,0,0,1,0,0,0
4.3,128,1,11.0,23.0,11.0,23.0,11.0,23.0,11.0,23.0,11.0,23.0,11.0,23.0,11.0,23.0,0,1,1,1,1,1,1
4.1,161,2,11.0,21.0,11.0,21.0,11.0,21.0,11.0,21.0,11.0,23.0,11.0,23.0,11.0,21.0,1,1,1,1,1,1,1
4.2,69,1,10.0,20.0,10.0,20.0,10.0,20.0,10.0,20.0,10.0,20.0,10.0,20.0,11.0,20.0,1,0,1,1,1,1,1
4.6,178,1,11.0,21.0,11.0,21.0,11.0,21.0,11.0,21.0,11.0,22.0,11.0,22.0,11.0,21.0,1,0,1,1,1,1,1
3.4,148,1,11.0,22.0,11.0,22.0,11.0,22.0,11.0,22.0,11.0,23.0,11.0,23.0,11.0,22.0,1,1,1,0,0,0,0
4.3,38,1,11.0,20.0,11.0,20.0,11.0,20.0,11.0,20.0,11.0,21.0,11.0,21.0,12.0,19.0,1,0,1,1,1,1,1
4.1,234,1,7.0,21.0,7.0,21.0,7.0,21.0,7.0,21.0,7.0,21.0,7.0,21.0,7.0,15.0,1,1,1,1,1,1,1
4.2,87,2,11.0,22.0,11.0,22.0,11.0,22.0,11.0,22.0,11.0,22.0,11.0,22.0,11.0,22.0,1,1,1,1,1,1,1
4.5,316,1,11.0,22.0,11.0,22.0,11.0,22.0,11.0,22.0,11.0,23.0,11.0,23.0,12.0,21.0,1,1,1,1,1,1,1
4.0,124,2,11.0,21.0,11.0,21.0,11.0,21.0,11.0,21.0,11.0,22.0,11.0,22.0,12.0,21.0,1,1,1,1,1,1,1
4.1,78,2,11.0,21.0,11.0,21.0,11.0,21.0,11.0,21.0,11.0,22.0,11.0,22.0,12.0,21.0,1,1,1,1,1,1,1
3.5,88,2,11.0,21.0,11.0,21.0,11.0,21.0,11.0,21.0,11.0,21.0,11.0,21.0,11.0,21.0,1,1,1,1,1,1,1
4.8,93,1,7.0,20.0,7.0,20.0,7.0,20.0,7.0,20.0,7.0,21.0,7.0,21.0,7.0,15.0,1,0,1,0,0,0,0
3.8,87,1,7.0,15.0,7.0,15.0,7.0,15.0,7.0,15.0,7.0,15.0,7.0,15.0,7.0,15.0,1,0,1,1,0,0,0
3.3,54,1,15.0,20.0,15.0,20.0,15.0,20.0,15.0,20.0,15.0,20.0,12.0,20.0,12.0,20.0,1,1,1,1,1,1,1
3.0,138,1,11.0,3.0,11.0,3.0,11.0,3.0,11.0,3.0,11.0,3.0,11.0,3.0,11.0,3.0,1,0,1,1,1,1,1
4.5,156,2,11.0,22.0,11.0,22.0,11.0,22.0,11.0,22.0,11.0,22.0,11.0,22.0,11.0,22.0,1,1,1,1,1,1,1
4.1,97,2,11.0,22.0,11.0,22.0,11.0,22.0,11.0,22.0,11.0,23.0,11.0,22.0,11.0,21.0,1,1,1,1,1,1,1
3.4,48,1,11.0,21.0,11.0,21.0,11.0,21.0,11.0,22.0,11.0,22.0,11.0,22.0,12.0,21.0,1,0,1,0,0,0,0
3.8,128,1,11.0,23.0,11.0,23.0,11.0,23.0,11.0,23.0,11.0,23.0,11.0,23.0,11.0,23.0,1,0,1,1,1,1,1
4.3,45,1,10.0,22.0,10.0,22.0,10.0,22.0,10.0,22.0,10.0,23.0,10.0,23.0,10.0,21.0,1,0,1,1,1,1,1
3.7,58,2,11.0,22.0,11.0,22.0,11.0,22.0,11.0,22.0,11.0,22.0,11.0,22.0,11.0,22.0,1,0,1,1,1,1,1
3.7,108,2,10.0,21.0,10.0,21.0,10.0,21.0,10.0,21.0,10.0,22.0,10.0,22.0,11.0,21.0,1,0,1,1,1,1,1
3.5,65,1,11.0,23.0,11.0,23.0,11.0,23.0,11.0,23.0,11.0,23.0,11.0,23.0,11.0,23.0,1,1,1,0,0,0,0
4.4,168,1,11.0,21.0,11.0,21.0,11.0,21.0,11.0,21.0,11.0,22.0,11.0,22.0,11.0,21.0,1,0,1,1,1,1,1
4.4,268,2,11.0,21.0,11.0,21.0,11.0,21.0,11.0,21.0,11.0,21.0,11.0,21.0,11.0,21.0,1,1,1,1,1,1,1
3.9,208,2,11.0,21.0,11.0,21.0,11.0,21.0,11.0,21.0,11.0,21.0,11.0,21.0,11.0,21.0,1,0,1,1,1,1,1
3.4,135,1,11.0,0.0,11.0,0.0,11.0,0.0,11.0,0.0,11.0,1.0,11.0,1.0,11.0,0.0,1,0,1,0,0,0,0
4.2,78,2,11.0,22.0,11.0,22.0,11.0,22.0,11.0,22.0,11.0,22.0,11.0,22.0,11.0,22.0,1,0,1,1,1,1,1
4.5,125,2,11.0,22.0,11.0,22.0,11.0,22.0,11.0,22.0,11.0,22.0,11.0,22.0,13.0,21.0,1,1,1,1,1,1,1
4.7,108,1,11.0,21.0,11.0,21.0,11.0,21.0,11.0,22.0,11.0,22.0,11.0,22.0,12.0,21.0,1,1,1,1,1,1,1
3.8,128,2,10.0,21.0,10.0,21.0,10.0,21.0,10.0,21.0,10.0,22.0,10.0,22.0,10.0,21.0,1,1,1,1,1,1,1
4.0,38,1,11.0,23.0,11.0,23.0,11.0,23.0,11.0,23.0,11.0,23.0,11.0,23.0,11.0,22.0,1,0,1,1,0,0,0
4.0,126,1,11.0,0.0,11.0,0.0,11.0,0.0,11.0,0.0,11.0,1.0,11.0,1.0,11.0,0.0,1,0,1,0,0,0,0
4.8,88,1,10.0,20.0,10.0,20.0,10.0,20.0,10.0,20.0,10.0,14.0,19.0,23.0,10.0,20.0,1,1,1,1,1,1,1
4.6,84,1,11.0,21.0,11.0,21.0,11.0,21.0,11.0,21.0,11.0,21.0,11.0,21.0,11.0,19.0,1,1,1,1,1,1,1
4.4,18,2,16.0,21.0,16.0,21.0,16.0,21.0,16.0,21.0,16.0,22.0,16.0,22.0,16.0,21.0,1,0,0,0,1,1,1
4.0,148,1,10.0,2.0,10.0,2.0,10.0,2.0,10.0,2.0,10.0,2.0,10.0,2.0,10.0,2.0,0,0,0,1,0,0,0
4.2,38,2,11.0,21.0,11.0,21.0,11.0,21.0,11.0,21.0,11.0,21.0,11.0,21.0,11.0,21.0,1,1,1,1,1,1,1
4.5,178,1,10.0,22.0,10.0,22.0,10.0,22.0,10.0,22.0,10.0,22.0,10.0,22.0,10.0,22.0,1,1,1,1,1,1,1
3.8,204,1,11.0,23.0,11.0,23.0,11.0,23.0,11.0,23.0,11.0,0.0,11.0,0.0,11.0,23.0,1,0,1,1,1,1,1
4.4,55,1,10.0,21.0,10.0,21.0,10.0,21.0,10.0,21.0,10.0,21.0,10.0,21.0,10.0,21.0,1,1,1,1,1,1,1
4.1,128,2,11.0,21.0,11.0,21.0,11.0,21.0,11.0,21.0,11.0,21.0,11.0,21.0,12.0,21.0,1,1,1,1,1,1,1
4.5,176,2,12.0,15.0,12.0,15.0,12.0,15.0,12.0,15.0,12.0,15.0,12.0,15.0,12.0,15.0,1,0,1,0,0,0,0
3.9,28,3,11.0,19.0,11.0,19.0,11.0,19.0,11.0,19.0,11.0,19.0,11.0,19.0,11.0,19.0,1,0,1,1,1,1,1
4.1,138,2,11.0,21.0,11.0,22.0,11.0,22.0,11.0,22.0,11.0,22.0,11.0,22.0,11.0,21.0,1,0,1,1,1,1,1
4.6,74,1,10.0,21.0,10.0,21.0,10.0,21.0,10.0,21.0,10.0,22.0,10.0,22.0,11.0,21.0,1,1,1,1,1,1,1
4.5,157,1,11.0,21.0,11.0,21.0,11.0,21.0,11.0,21.0,11.0,21.0,11.0,21.0,11.0,20.0,1,0,1,1,0,0,0
4.0,18,1,11.0,22.0,11.0,22.0,11.0,22.0,11.0,22.0,11.0,22.0,11.0,22.0,11.0,22.0,1,1,1,1,1,1,0
4.4,86,1,11.0,22.0,11.0,22.0,11.0,22.0,11.0,22.0,11.0,22.0,11.0,22.0,12.0,21.0,1,1,1,1,1,1,1
4.6,38,1,11.0,21.0,11.0,21.0,11.0,21.0,11.0,21.0,11.0,21.0,11.0,21.0,12.0,20.0,1,0,1,1,0,0,0
4.7,77,2,11.0,21.0,11.0,21.0,11.0,21.0,11.0,21.0,11.0,21.0,15.0,21.0,15.0,21.0,1,1,1,1,1,1,1
4.1,257,2,11.0,22.0,11.0,22.0,11.0,22.0,11.0,22.0,11.0,22.0,11.0,22.0,11.0,22.0,1,1,1,1,1,1,1
4.6,288,1,6.0,22.0,6.0,22.0,6.0,22.0,6.0,22.0,6.0,22.0,6.0,22.0,6.0,22.0,1,1,1,1,1,1,1
4.1,148,1,11.0,22.0,11.0,22.0,11.0,22.0,11.0,22.0,11.0,23.0,11.0,23.0,12.0,22.0,1,1,1,1,1,1,1
3.9,28,1,11.0,0.0,11.0,0.0,11.0,0.0,11.0,0.0,11.0,0.0,11.0,0.0,11.0,0.0,1,0,1,1,1,1,1
3.7,88,1,9.0,1.0,9.0,1.0,9.0,1.0,9.0,1.0,11.0,2.0,11.0,2.0,11.0,1.0,1,0,1,1,1,1,1
3.8,105,1,9.0,3.0,9.0,3.0,9.0,3.0,9.0,3.0,9.0,3.0,9.0,3.0,9.0,3.0,1,0,1,1,1,1,1
4.4,117,1,11.0,22.0,11.0,22.0,11.0,22.0,11.0,22.0,11.0,22.0,11.0,22.0,12.0,22.0,1,0,1,0,0,0,0
3.6,107,1,13.0,2.0,13.0,2.0,13.0,2.0,13.0,2.0,13.0,3.0,13.0,3.0,13.0,1.0,1,0,1,1,1,1,1
4.6,282,1,11.0,21.0,11.0,21.0,11.0,21.0,11.0,21.0,11.0,22.0,11.0,22.0,11.0,21.0,1,1,1,1,1,1,1
4.1,78,1,10.0,20.0,10.0,20.0,10.0,20.0,10.0,20.0,10.0,20.0,10.0,20.0,12.0,20.0,1,1,1,1,1,1,1
3.9,38,1,8.0,13.0,8.0,13.0,8.0,13.0,8.0,13.0,8.0,13.0,8.0,13.0,8.0,1.0,1,0,1,0,1,0,0
4.3,36,3,11.0,20.0,11.0,20.0,11.0,20.0,11.0,20.0,11.0,20.0,11.0,20.0,11.0,20.0,1,1,1,1,1,1,1
4.6,185,1,10.0,20.0,10.0,20.0,10.0,20.0,10.0,20.0,10.0,20.0,10.0,20.0,10.0,20.0,1,1,1,1,1,1,1
4.3,213,2,11.0,22.0,11.0,22.0,11.0,22.0,11.0,22.0,11.0,23.0,11.0,23.0,12.0,22.0,1,1,1,1,1,1,1
3.4,164,1,10.0,0.0,10.0,0.0,10.0,0.0,10.0,0.0,10.0,1.0,10.0,1.0,10.0,0.0,1,1,1,0,1,1,0
4.0,53,1,8.0,18.0,8.0,18.0,8.0,18.0,8.0,18.0,8.0,18.0,8.0,18.0,8.0,18.0,1,0,1,1,0,0,0
4.7,78,2,11.0,21.0,11.0,21.0,11.0,21.0,11.0,21.0,11.0,21.0,11.0,21.0,11.0,20.0,1,1,1,1,1,1,1
4.2,208,1,10.0,21.0,10.0,21.0,10.0,21.0,10.0,21.0,10.0,22.0,10.0,22.0,11.0,21.0,1,0,1,1,1,1,1
4.4,108,1,11.0,20.0,11.0,20.0,11.0,20.0,11.0,20.0,11.0,20.0,11.0,20.0,11.0,20.0,1,1,1,1,1,1,1
3.5,178,1,11.0,2.0,11.0,2.0,11.0,2.0,11.0,2.0,11.0,3.0,11.0,3.0,11.0,2.0,1,1,1,1,1,0,0
3.8,118,1,10.0,0.0,10.0,0.0,10.0,0.0,10.0,0.0,10.0,1.0,10.0,1.0,10.0,0.0,1,1,1,0,0,0,0
4.4,158,1,11.0,20.0,11.0,20.0,11.0,20.0,11.0,20.0,11.0,21.0,11.0,21.0,12.0,20.0,1,1,1,1,1,1,1
4.1,125,1,10.0,22.0,10.0,22.0,10.0,22.0,10.0,22.0,10.0,23.0,10.0,22.0,11.0,22.0,1,1,1,1,1,1,1
4.1,53,1,10.0,5.0,10.0,5.0,10.0,5.0,10.0,5.0,10.0,6.0,10.0,6.0,10.0,5.0,1,0,1,1,1,1,1
4.0,45,1,10.0,21.0,10.0,21.0,10.0,21.0,10.0,21.0,10.0,21.0,10.0,21.0,10.0,21.0,0,0,1,1,1,1,1
4.6,68,2,16.0,23.0,16.0,23.0,16.0,23.0,16.0,23.0,16.0,23.0,11.0,23.0,11.0,22.0,1,1,1,1,1,1,1
4.4,78,1,11.0,21.0,11.0,21.0,11.0,21.0,11.0,21.0,11.0,22.0,11.0,22.0,11.0,21.0,1,0,1,1,1,1,1
4.6,294,2,11.0,21.0,11.0,21.0,11.0,21.0,11.0,21.0,11.0,21.0,11.0,21.0,12.0,21.0,1,1,1,1,1,1,1
4.1,108,1,11.0,22.0,11.0,22.0,11.0,22.0,11.0,22.0,11.0,23.0,11.0,22.0,11.0,21.0,1,0,1,1,1,1,1
4.7,193,1,11.0,20.0,11.0,20.0,11.0,20.0,11.0,20.0,11.0,21.0,11.0,21.0,12.0,20.0,1,0,1,1,1,1,1
4.6,113,1,11.0,21.0,11.0,21.0,11.0,21.0,11.0,21.0,11.0,21.0,11.0,21.0,11.0,21.0,1,1,1,1,0,0,0
4.3,153,2,11.0,22.0,11.0,22.0,11.0,22.0,11.0,22.0,11.0,23.0,11.0,23.0,11.0,22.0,1,1,1,1,1,0,0
3.8,225,2,11.0,21.0,11.0,21.0,11.0,21.0,11.0,21.0,11.0,21.0,11.0,21.0,12.0,21.0,1,1,1,1,1,1,1
3.1,68,2,11.0,21.0,11.0,21.0,11.0,21.0,11.0,21.0,11.0,21.0,11.0,21.0,11.0,21.0,1,0,1,1,1,1,1
3.9,348,1,7.0,1.0,7.0,1.0,7.0,1.0,7.0,1.0,7.0,2.0,7.0,2.0,7.0,1.0,1,1,1,1,1,1,1
4.6,33,1,6.0,22.0,6.0,22.0,6.0,22.0,6.0,22.0,7.0,23.0,7.0,23.0,7.0,22.0,1,0,1,1,1,1,1
3.9,264,2,11.0,22.0,11.0,22.0,11.0,22.0,11.0,22.0,11.0,22.0,11.0,22.0,11.0,22.0,1,0,1,1,0,0,0
4.0,165,2,11.0,21.0,11.0,21.0,11.0,21.0,11.0,21.0,11.0,22.0,11.0,22.0,12.0,21.0,1,1,1,1,1,1,1
4.4,78,2,11.0,21.0,11.0,21.0,11.0,21.0,11.0,21.0,11.0,21.0,11.0,21.0,11.0,21.0,1,0,1,1,1,1,1
4.2,244,2,11.0,20.0,11.0,20.0,11.0,20.0,11.0,21.0,11.0,21.0,11.0,21.0,16.0,20.0,1,1,1,1,1,1,1
4.5,165,1,11.0,20.0,11.0,20.0,11.0,20.0,11.0,20.0,11.0,20.0,14.0,20.0,14.0,20.0,1,0,1,1,1,1,1
4.3,68,1,11.0,21.0,11.0,21.0,11.0,21.0,11.0,21.0,11.0,21.0,11.0,21.0,11.0,21.0,1,1,1,1,1,1,1
4.0,74,1,11.0,23.0,11.0,23.0,11.0,23.0,11.0,23.0,11.0,23.0,11.0,23.0,12.0,22.0,1,0,1,1,1,1,1
3.8,144,2,11.0,21.0,11.0,21.0,11.0,21.0,11.0,21.0,11.0,21.0,11.0,21.0,12.0,20.0,1,0,1,1,1,1,1
4.3,126,2,11.0,22.0,11.0,22.0,11.0,22.0,11.0,22.0,11.0,22.0,11.0,22.0,12.0,21.0,1,1,1,1,1,1,1
3.9,118,1,12.0,20.0,12.0,20.0,12.0,20.0,12.0,20.0,12.0,21.0,12.0,21.0,12.0,20.0,1,0,1,1,1,1,1
4.6,78,1,6.0,22.0,6.0,22.0,6.0,22.0,6.0,22.0,6.0,22.0,6.0,22.0,7.0,21.0,1,1,1,1,1,1,1
4.0,194,1,11.0,20.0,11.0,20.0,11.0,20.0,11.0,20.0,11.0,21.0,15.0,21.0,14.0,20.0,1,1,1,1,1,1,1
3.9,58,1,10.0,22.0,10.0,22.0,10.0,22.0,10.0,22.0,10.0,22.0,10.0,22.0,10.0,22.0,1,1,1,1,1,1,1
4.0,147,2,11.0,21.0,11.0,21.0,11.0,21.0,11.0,21.0,11.0,22.0,11.0,22.0,11.0,21.0,1,0,1,1,1,1,1
4.2,134,1,11.0,22.0,11.0,22.0,11.0,22.0,11.0,22.0,11.0,22.0,11.0,22.0,11.0,22.0,1,1,1,1,1,1,1
4.3,106,1,11.0,21.0,11.0,21.0,11.0,21.0,11.0,21.0,11.0,22.0,11.0,22.0,12.0,21.0,1,1,1,1,1,1,1
3.9,197,1,10.0,22.0,10.0,22.0,10.0,22.0,10.0,22.0,10.0,22.0,10.0,22.0,10.0,22.0,1,0,1,1,1,1,1
4.0,108,1,10.0,22.0,10.0,22.0,10.0,22.0,10.0,22.0,10.0,22.0,10.0,22.0,10.0,22.0,1,1,1,1,1,1,1
4.2,133,1,10.0,0.0,10.0,0.0,10.0,0.0,10.0,0.0,10.0,1.0,10.0,1.0,10.0,0.0,1,1,1,0,0,0,0
4.0,188,1,10.0,23.0,10.0,23.0,10.0,23.0,10.0,23.0,10.0,23.0,10.0,23.0,10.0,23.0,1,0,1,1,1,1,0
4.0,158,1,10.0,21.0,10.0,21.0,10.0,21.0,10.0,22.0,10.0,22.0,10.0,22.0,11.0,21.0,1,0,1,0,0,0,0
3.8,137,1,11.0,20.0,11.0,20.0,11.0,20.0,11.0,20.0,11.0,14.0,21.0,23.0,11.0,19.0,1,0,1,1,0,0,0
4.0,138,2,10.0,21.0,10.0,21.0,10.0,21.0,10.0,21.0,9.0,21.0,9.0,21.0,12.0,21.0,1,1,1,1,1,1,1
4.2,45,1,8.0,18.0,8.0,18.0,8.0,18.0,8.0,18.0,8.0,18.0,8.0,18.0,8.0,18.0,1,0,1,1,1,0,0
3.7,58,1,10.0,22.0,10.0,22.0,10.0,22.0,10.0,22.0,10.0,23.0,10.0,23.0,11.0,22.0,0,0,1,1,0,0,0
3.8,35,1,11.0,23.0,11.0,23.0,11.0,23.0,11.0,23.0,11.0,23.0,11.0,23.0,11.0,23.0,1,0,1,1,1,1,1
4.0,88,2,10.0,22.0,10.0,22.0,10.0,22.0,10.0,22.0,10.0,22.0,10.0,22.0,10.0,21.0,1,1,1,1,1,1,1
4.4,185,1,11.0,21.0,11.0,21.0,11.0,21.0,11.0,21.0,11.0,21.0,11.0,21.0,11.0,21.0,1,0,1,1,1,1,1
3.8,88,1,11.0,21.0,11.0,21.0,11.0,21.0,11.0,21.0,11.0,22.0,11.0,22.0,11.0,21.0,1,0,1,1,0,0,0
3.8,58,2,10.0,22.0,10.0,22.0,10.0,22.0,10.0,22.0,10.0,22.0,10.0,22.0,10.0,22.0,1,0,0,1,0,0,0
4.0,152,1,10.0,22.0,10.0,22.0,10.0,22.0,10.0,22.0,10.0,22.0,10.0,23.0,10.0,23.0,1,1,1,1,1,1,1
4.4,64,1,8.0,21.0,8.0,21.0,8.0,21.0,8.0,21.0,8.0,22.0,8.0,22.0,11.0,16.0,1,1,1,1,1,1,1
3.7,90,1,10.0,0.0,10.0,0.0,10.0,0.0,10.0,0.0,10.0,1.0,10.0,1.0,10.0,0.0,1,0,1,0,0,0,0
3.7,228,1,11.0,21.0,11.0,21.0,11.0,21.0,11.0,21.0,11.0,21.0,11.0,21.0,11.0,21.0,1,1,1,0,1,1,1
4.3,156,2,15.0,22.0,15.0,22.0,15.0,22.0,15.0,22.0,11.0,23.0,11.0,23.0,11.0,21.0,1,0,1,1,1,1,1
2.8,46,1,11.0,0.0,11.0,0.0,11.0,0.0,11.0,0.0,11.0,0.0,11.0,0.0,11.0,0.0,1,0,1,0,0,0,0
4.2,95,1,11.0,22.0,11.0,22.0,11.0,22.0,11.0,22.0,11.0,22.0,11.0,22.0,11.0,22.0,0,1,1,1,1,1,1
3.5,318,1,11.0,2.0,11.0,2.0,11.0,2.0,11.0,2.0,11.0,3.0,11.0,3.0,11.0,2.0,1,1,1,0,1,1,0
4.1,55,2,12.0,21.0,12.0,21.0,12.0,21.0,12.0,21.0,12.0,21.0,12.0,21.0,12.0,20.0,1,0,1,1,1,1,1
4.5,128,2,11.0,22.0,11.0,22.0,11.0,22.0,11.0,22.0,11.0,22.0,11.0,22.0,12.0,20.0,1,1,1,1,1,1,1
4.1,178,1,11.0,22.0,11.0,22.0,11.0,22.0,11.0,22.0,11.0,22.0,11.0,22.0,11.0,21.0,0,0,0,0,0,0,0
3.2,78,1,12.0,20.0,12.0,20.0,12.0,20.0,12.0,20.0,12.0,20.0,12.0,20.0,12.0,20.0,1,0,1,1,0,0,0
3.9,65,2,9.0,19.0,9.0,19.0,9.0,19.0,9.0,19.0,9.0,19.0,9.0,19.0,9.0,19.0,1,0,1,1,1,1,1
4.0,313,1,10.0,21.0,10.0,21.0,10.0,21.0,10.0,22.0,10.0,22.0,10.0,22.0,10.0,21.0,1,0,1,1,1,1,1
4.5,148,1,11.0,22.0,11.0,22.0,11.0,22.0,11.0,22.0,11.0,23.0,11.0,23.0,11.0,21.0,1,1,1,1,1,1,1
4.2,118,1,11.0,21.0,11.0,21.0,11.0,21.0,11.0,21.0,11.0,22.0,11.0,22.0,12.0,22.0,1,1,1,1,1,1,1
4.4,108,1,11.0,21.0,11.0,21.0,11.0,21.0,11.0,21.0,11.0,21.0,11.0,21.0,12.0,21.0,1,1,1,1,1,1,1
3.9,167,2,11.0,22.0,11.0,22.0,11.0,22.0,11.0,22.0,11.0,22.0,11.0,22.0,12.0,21.0,1,1,1,1,1,1,1
3.6,64,1,11.0,23.0,11.0,23.0,11.0,23.0,11.0,23.0,11.0,0.0,11.0,0.0,11.0,23.0,1,1,1,0,1,1,1
3.9,176,2,11.0,22.0,11.0,22.0,11.0,22.0,11.0,22.0,11.0,22.0,11.0,22.0,12.0,21.0,1,1,1,1,1,1,1
3.8,127,1,11.0,21.0,11.0,21.0,11.0,21.0,11.0,21.0,11.0,22.0,11.0,22.0,11.0,21.0,1,0,1,1,1,1,1
4.0,146,2,11.0,22.0,11.0,22.0,11.0,22.0,11.0,22.0,11.0,23.0,11.0,23.0,11.0,22.0,1,1,1,1,1,1,0
4.3,88,1,11.0,22.0,11.0,22.0,11.0,22.0,11.0,22.0,11.0,22.0,11.0,22.0,11.0,21.0,1,1,1,1,1,1,1
3.6,36,1,11.0,20.0,11.0,20.0,11.0,20.0,11.0,20.0,11.0,20.0,11.0,20.0,11.0,20.0,1,0,1,1,1,1,1
4.4,268,2,11.0,21.0,11.0,21.0,11.0,21.0,11.0,22.0,11.0,21.0,11.0,21.0,11.0,21.0,1,1,1,1,1,1,1
4.5,98,2,10.0,21.0,10.0,21.0,10.0,21.0,10.0,21.0,10.0,22.0,10.0,22.0,12.0,20.0,1,1,1,1,1,1,1
4.4,118,2,12.0,21.0,12.0,21.0,12.0,21.0,12.0,22.0,12.0,22.0,12.0,22.0,12.0,21.0,1,0,0,1,0,0,0
4.3,208,2,10.0,22.0,10.0,22.0,10.0,22.0,10.0,22.0,10.0,22.0,10.0,22.0,10.0,22.0,1,0,1,0,0,0,0
4.0,108,1,10.0,20.0,10.0,20.0,10.0,20.0,10.0,20.0,10.0,20.0,10.0,20.0,10.0,19.0,1,0,1,1,1,1,1
3.8,54,1,10.0,19.0,10.0,19.0,10.0,19.0,10.0,19.0,10.0,19.0,10.0,19.0,10.0,19.0,1,0,1,1,1,0,0
4.2,138,2,11.0,22.0,11.0,22.0,11.0,22.0,11.0,22.0,11.0,22.0,11.0,22.0,12.0,22.0,1,1,1,1,1,1,1
4.7,41,2,16.0,22.0,16.0,22.0,16.0,22.0,16.0,22.0,16.0,22.0,16.0,22.0,16.0,22.0,1,1,1,0,1,0,0
4.3,118,1,11.0,22.0,11.0,22.0,11.0,22.0,11.0,22.0,11.0,22.0,11.0,22.0,12.0,22.0,1,1,1,1,1,1,1
3.5,201,1,10.0,0.0,10.0,0.0,10.0,0.0,10.0,0.0,10.0,2.0,10.0,2.0,10.0,0.0,1,1,1,0,0,0,0
4.2,58,1,11.0,19.0,11.0,19.0,11.0,19.0,11.0,19.0,11.0,20.0,11.0,20.0,12.0,18.0,1,0,1,1,1,1,1
4.5,137,1,11.0,23.0,11.0,23.0,11.0,23.0,11.0,23.0,11.0,0.0,12.0,0.0,15.0,22.0,1,0,1,1,1,1,1
4.5,48,2,7.0,20.0,7.0,20.0,7.0,20.0,7.0,20.0,7.0,20.0,8.0,20.0,9.0,17.0,1,0,1,1,1,0,1
3.9,291,1,11.0,22.0,11.0,22.0,11.0,22.0,11.0,22.0,11.0,23.0,11.0,23.0,11.0,22.0,1,0,1,0,1,1,1
4.6,288,1,11.0,21.0,11.0,21.0,11.0,21.0,11.0,21.0,11.0,22.0,11.0,22.0,12.0,21.0,1,1,1,1,1,1,1
3.8,138,2,10.0,22.0,10.0,22.0,10.0,22.0,10.0,22.0,10.0,23.0,10.0,23.0,10.0,22.0,1,0,1,1,1,1,1
4.2,148,2,8.0,20.0,8.0,20.0,8.0,20.0,8.0,20.0,8.0,20.0,8.0,20.0,8.0,20.0,1,1,1,0,0,0,0
3.9,155,1,10.0,21.0,10.0,21.0,10.0,21.0,10.0,21.0,10.0,22.0,10.0,22.0,10.0,21.0,1,0,1,1,1,1,1
4.3,58,1,11.0,21.0,11.0,21.0,11.0,21.0,11.0,21.0,11.0,21.0,11.0,21.0,11.0,20.0,1,1,1,1,1,1,1
4.3,67,2,11.0,22.0,11.0,22.0,11.0,22.0,11.0,22.0,11.0,22.0,11.0,22.0,11.0,22.0,1,1,1,1,1,1,1
4.3,114,1,10.0,21.0,10.0,21.0,10.0,21.0,10.0,21.0,10.0,21.0,10.0,21.0,11.0,21.0,1,1,1,1,1,1,1
4.0,138,2,11.0,23.0,11.0,23.0,11.0,23.0,11.0,23.0,11.0,0.0,11.0,0.0,12.0,23.0,1,1,1,1,1,1,1
4.0,318,1,6.0,23.0,6.0,23.0,6.0,23.0,6.0,23.0,6.0,0.0,6.0,0.0,6.0,23.0,1,1,1,1,1,1,1
4.0,178,2,10.0,22.0,10.0,22.0,10.0,22.0,10.0,22.0,10.0,22.0,10.0,22.0,12.0,21.0,1,1,1,1,1,1,1
4.5,58,1,11.0,22.0,11.0,22.0,11.0,22.0,11.0,22.0,11.0,22.0,11.0,22.0,12.0,21.0,1,0,1,1,1,1,1
4.3,248,1,11.0,21.0,11.0,21.0,11.0,21.0,11.0,21.0,11.0,21.0,11.0,21.0,11.0,21.0,1,1,1,0,0,0,0
4.0,146,1,11.0,20.0,11.0,20.0,11.0,20.0,11.0,21.0,11.0,21.0,11.0,21.0,11.0,20.0,1,0,1,1,1,1,1
4.1,148,1,11.0,22.0,11.0,22.0,11.0,22.0,11.0,22.0,11.0,22.0,11.0,22.0,12.0,22.0,1,0,1,1,1,1,1
4.7,288,1,15.0,2.0,15.0,2.0,15.0,2.0,15.0,2.0,15.0,2.0,12.0,2.0,12.0,2.0,1,1,1,0,1,0,0
4.3,68,2,11.0,22.0,11.0,22.0,11.0,22.0,11.0,22.0,11.0,22.0,11.0,22.0,11.0,22.0,1,0,1,1,0,0,0
4.4,66,1,11.0,21.0,11.0,21.0,11.0,21.0,11.0,21.0,11.0,22.0,11.0,22.0,11.0,21.0,1,1,1,1,1,1,1
4.6,118,1,15.0,23.0,11.0,23.0,11.0,23.0,11.0,23.0,11.0,23.0,15.0,23.0,15.0,23.0,1,0,1,1,1,1,1
4.0,237,1,10.0,22.0,10.0,22.0,10.0,22.0,10.0,22.0,10.0,23.0,10.0,23.0,12.0,22.0,1,1,1,1,1,1,1
4.6,41,1,10.0,21.0,10.0,21.0,10.0,21.0,10.0,21.0,10.0,22.0,10.0,22.0,10.0,21.0,1,1,1,1,1,1,0
4.3,126,2,11.0,22.0,11.0,22.0,11.0,22.0,11.0,22.0,11.0,23.0,11.0,22.0,12.0,21.0,0,0,0,1,0,0,0
3.8,38,1,11.0,22.0,11.0,22.0,11.0,22.0,11.0,22.0,11.0,23.0,11.0,23.0,11.0,22.0,1,0,1,1,0,0,0
4.6,238,1,10.0,22.0,10.0,22.0,10.0,22.0,10.0,22.0,10.0,23.0,10.0,23.0,10.0,22.0,1,0,1,1,1,1,1
4.3,213,1,11.0,22.0,11.0,22.0,11.0,22.0,11.0,22.0,11.0,23.0,11.0,23.0,12.0,22.0,1,1,1,1,1,1,1
4.2,28,2,12.0,22.0,12.0,22.0,12.0,22.0,12.0,22.0,12.0,22.0,12.0,22.0,12.0,22.0,1,1,1,1,1,1,1
4.4,163,2,11.0,22.0,11.0,22.0,11.0,22.0,11.0,22.0,11.0,22.0,11.0,22.0,12.0,22.0,1,1,1,1,0,0,0
4.4,288,2,10.0,22.0,10.0,22.0,10.0,22.0,10.0,22.0,10.0,23.0,10.0,23.0,10.0,22.0,1,1,1,1,1,1,1
4.5,85,2,11.0,22.0,11.0,22.0,11.0,22.0,11.0,22.0,11.0,22.0,11.0,22.0,11.0,22.0,1,1,1,1,1,1,1
4.4,207,2,16.0,21.0,12.0,21.0,12.0,21.0,12.0,21.0,12.0,21.0,12.0,21.0,12.0,21.0,1,1,1,1,1,1,1
4.3,438,2,11.0,22.0,11.0,22.0,11.0,22.0,11.0,22.0,11.0,0.0,11.0,0.0,11.0,22.0,1,1,1,1,1,1,1
3.4,38,1,12.0,18.0,12.0,18.0,12.0,18.0,12.0,18.0,12.0,18.0,12.0,18.0,12.0,18.0,1,1,1,1,1,1,1
4.6,213,1,11.0,22.0,11.0,22.0,11.0,22.0,11.0,22.0,11.0,22.0,11.0,22.0,11.0,22.0,1,1,1,1,1,1,1
4.4,245,1,11.0,22.0,11.0,22.0,11.0,22.0,11.0,22.0,11.0,23.0,11.0,23.0,11.0,22.0,1,1,1,1,1,1,1
4.5,164,1,10.0,22.0,10.0,22.0,10.0,22.0,10.0,22.0,10.0,22.0,10.0,22.0,10.0,21.0,1,1,1,1,1,1,1
4.1,238,1,10.0,22.0,10.0,22.0,10.0,22.0,10.0,22.0,10.0,22.0,10.0,22.0,10.0,22.0,1,1,1,1,1,1,1
4.1,233,1,11.0,21.0,11.0,21.0,11.0,21.0,11.0,21.0,11.0,22.0,11.0,22.0,12.0,20.0,1,0,1,1,1,1,1
3.9,96,1,11.0,20.0,11.0,20.0,11.0,20.0,11.0,20.0,11.0,21.0,11.0,21.0,11.0,20.0,1,0,1,1,1,1,1
4.4,136,2,12.0,0.0,12.0,0.0,12.0,0.0,12.0,0.0,12.0,1.0,12.0,1.0,12.0,0.0,1,1,1,1,1,1,1
4.2,198,1,10.0,21.0,10.0,21.0,10.0,21.0,10.0,21.0,10.0,22.0,10.0,21.0,11.0,21.0,1,0,1,1,1,1,1
4.6,105,1,11.0,22.0,11.0,22.0,11.0,22.0,11.0,22.0,11.0,22.0,11.0,22.0,11.0,22.0,1,1,1,1,1,1,1
4.2,67,1,11.0,21.0,11.0,21.0,11.0,21.0,11.0,21.0,11.0,21.0,11.0,21.0,12.0,21.0,1,0,1,1,1,1,1
4.1,148,1,11.0,21.0,11.0,21.0,11.0,21.0,11.0,21.0,11.0,22.0,11.0,22.0,11.0,21.0,1,1,1,1,1,1,1
3.7,107,1,11.0,23.0,11.0,23.0,11.0,23.0,11.0,23.0,11.0,0.0,11.0,0.0,11.0,23.0,1,0,1,0,1,1,1
4.2,102,1,11.0,22.0,11.0,22.0,11.0,22.0,11.0,22.0,11.0,23.0,11.0,23.0,12.0,22.0,1,1,1,0,1,1,1
4.4,178,1,11.0,22.0,11.0,22.0,11.0,22.0,11.0,22.0,11.0,22.0,11.0,22.0,11.0,22.0,1,1,1,1,1,1,1
3.4,136,2,11.0,21.0,11.0,21.0,11.0,21.0,11.0,21.0,11.0,21.0,11.0,21.0,11.0,21.0,1,0,1,1,1,1,1
4.4,216,1,11.0,22.0,11.0,22.0,11.0,22.0,11.0,22.0,11.0,23.0,11.0,23.0,11.0,22.0,1,1,1,1,1,1,1
3.9,158,1,10.0,0.0,10.0,0.0,10.0,0.0,10.0,0.0,10.0,1.0,10.0,1.0,10.0,0.0,1,1,1,0,0,0,0
4.6,166,1,10.0,23.0,11.0,21.0,11.0,23.0,11.0,23.0,11.0,23.0,11.0,22.0,12.0,20.0,0,0,0,1,0,0,0
4.5,218,1,11.0,21.0,11.0,21.0,11.0,21.0,11.0,21.0,11.0,21.0,11.0,21.0,11.0,21.0,1,1,1,1,1,1,1
4.3,38,2,11.0,22.0,11.0,22.0,11.0,22.0,11.0,22.0,11.0,22.0,11.0,22.0,12.0,21.0,1,0,1,1,1,1,1
4.2,148,2,11.0,22.0,11.0,22.0,11.0,22.0,11.0,22.0,11.0,22.0,11.0,22.0,11.0,22.0,1,1,1,1,1,1,1
4.0,88,1,6.0,17.0,6.0,17.0,6.0,17.0,6.0,17.0,6.0,17.0,7.0,17.0,7.0,13.0,0,0,1,0,0,0,0
4.7,228,1,10.0,22.0,10.0,22.0,10.0,22.0,10.0,22.0,10.0,22.0,10.0,22.0,10.0,22.0,1,0,1,1,1,1,1
4.3,185,1,11.0,21.0,11.0,21.0,11.0,21.0,11.0,22.0,11.0,22.0,11.0,22.0,11.0,21.0,1,0,1,1,1,1,1
3.9,98,1,11.0,23.0,11.0,1.0,11.0,1.0,11.0,1.0,11.0,2.0,11.0,2.0,11.0,1.0,1,1,1,1,1,1,1
4.7,108,1,11.0,21.0,11.0,21.0,11.0,21.0,11.0,21.0,11.0,21.0,11.0,21.0,12.0,21.0,1,1,1,1,1,1,1
3.8,76,1,11.0,21.0,11.0,21.0,11.0,21.0,11.0,21.0,11.0,21.0,11.0,21.0,12.0,20.0,1,1,1,1,1,1,1
4.3,128,1,6.0,22.0,6.0,22.0,6.0,22.0,6.0,22.0,6.0,22.0,6.0,22.0,6.0,22.0,1,0,1,1,1,0,1
4.2,68,1,10.0,21.0,10.0,21.0,10.0,21.0,10.0,21.0,10.0,21.0,10.0,21.0,10.0,21.0,1,0,1,1,1,0,1
3.8,137,1,11.0,23.0,11.0,23.0,11.0,23.0,11.0,23.0,11.0,0.0,11.0,0.0,12.0,22.0,1,1,1,1,1,1,1
4.1,78,1,11.0,22.0,11.0,22.0,11.0,22.0,11.0,22.0,11.0,22.0,11.0,22.0,12.0,22.0,1,1,1,1,1,1,1
3.3,78,1,11.0,23.0,11.0,23.0,11.0,23.0,11.0,23.0,11.0,0.0,11.0,0.0,11.0,23.0,1,1,1,0,1,1,0
3.3,78,1,11.0,2.0,11.0,2.0,11.0,2.0,11.0,2.0,11.0,4.0,11.0,4.0,11.0,2.0,1,0,1,1,0,0,0
4.1,117,1,11.0,22.0,11.0,22.0,11.0,22.0,11.0,22.0,11.0,23.0,11.0,23.0,11.0,22.0,1,1,1,1,1,1,1
4.1,118,1,11.0,22.0,11.0,22.0,11.0,22.0,11.0,22.0,11.0,22.0,11.0,22.0,11.0,22.0,1,1,1,1,1,1,1
3.9,98,2,11.0,21.0,11.0,21.0,11.0,21.0,11.0,21.0,11.0,22.0,11.0,22.0,11.0,20.0,1,0,1,1,1,1,1
3.7,118,2,10.0,1.0,10.0,1.0,10.0,1.0,10.0,1.0,10.0,2.0,10.0,2.0,10.0,1.0,1,0,1,1,1,1,1
4.3,108,1,11.0,22.0,11.0,22.0,11.0,22.0,11.0,22.0,11.0,22.0,11.0,22.0,11.0,21.0,1,1,1,1,1,1,1
4.1,38,2,11.0,21.0,11.0,21.0,11.0,21.0,11.0,21.0,11.0,21.0,11.0,21.0,11.0,21.0,1,0,0,1,0,0,0
3.4,78,1,11.0,23.0,11.0,23.0,11.0,23.0,11.0,23.0,11.0,0.0,11.0,0.0,11.0,23.0,1,1,1,1,1,1,1
3.9,118,1,11.0,22.0,11.0,22.0,11.0,22.0,11.0,22.0,11.0,22.0,11.0,23.0,11.0,22.0,1,1,1,1,1,1,1
4.6,128,1,11.0,22.0,11.0,22.0,11.0,22.0,11.0,22.0,11.0,22.0,11.0,22.0,11.0,22.0,0,1,1,1,1,1,1
4.3,86,1,11.0,22.0,11.0,22.0,11.0,22.0,11.0,22.0,11.0,22.0,11.0,22.0,11.0,21.0,1,1,1,1,1,1,1
4.3,207,1,10.0,23.0,10.0,23.0,10.0,23.0,10.0,23.0,10.0,0.0,10.0,0.0,11.0,23.0,1,1,1,1,1,1,1
4.4,58,2,10.0,21.0,10.0,21.0,10.0,21.0,10.0,21.0,10.0,21.0,10.0,21.0,10.0,21.0,1,0,1,1,1,1,1
4.2,198,2,11.0,21.0,11.0,21.0,11.0,21.0,11.0,21.0,11.0,21.0,11.0,21.0,11.0,21.0,1,0,1,1,1,1,1
3.2,174,1,11.0,1.0,11.0,1.0,11.0,1.0,11.0,1.0,11.0,2.0,11.0,2.0,11.0,1.0,1,0,1,1,1,1,1
4.2,87,1,10.0,21.0,10.0,22.0,10.0,22.0,10.0,22.0,10.0,22.0,10.0,22.0,11.0,21.0,1,1,1,1,1,1,1
3.4,238,1,11.0,2.0,11.0,2.0,11.0,2.0,11.0,2.0,11.0,3.0,11.0,3.0,11.0,2.0,1,1,1,0,1,1,1
3.7,218,1,10.0,0.0,10.0,0.0,10.0,0.0,10.0,0.0,10.0,1.0,10.0,1.0,10.0,0.0,1,0,1,0,1,0,0
4.2,175,1,11.0,23.0,11.0,23.0,11.0,23.0,11.0,23.0,11.0,2.0,11.0,2.0,11.0,23.0,1,0,1,1,1,1,1
3.7,76,1,11.0,21.0,11.0,21.0,11.0,21.0,11.0,21.0,11.0,21.0,11.0,21.0,11.0,21.0,1,1,1,1,1,1,1
4.0,124,2,9.0,21.0,9.0,21.0,9.0,21.0,9.0,21.0,9.0,21.0,9.0,21.0,9.0,19.0,1,0,1,1,1,1,1
4.6,68,1,11.0,22.0,11.0,22.0,11.0,22.0,11.0,22.0,11.0,22.0,12.0,22.0,12.0,20.0,1,0,1,0,0,0,0
4.4,354,1,11.0,23.0,11.0,23.0,11.0,23.0,11.0,23.0,11.0,23.0,11.0,23.0,11.0,23.0,1,1,1,1,1,1,1
4.4,178,1,8.0,22.0,8.0,22.0,8.0,22.0,8.0,22.0,8.0,22.0,8.0,22.0,8.0,22.0,1,0,1,1,1,0,1
4.5,228,1,12.0,22.0,12.0,22.0,12.0,22.0,12.0,22.0,12.0,22.0,12.0,22.0,12.0,22.0,1,1,1,1,1,1,1
3.8,58,1,11.0,22.0,11.0,22.0,11.0,22.0,11.0,22.0,11.0,23.0,11.0,23.0,11.0,22.0,1,0,1,1,1,1,1
4.3,98,2,11.0,22.0,11.0,22.0,11.0,22.0,11.0,22.0,11.0,23.0,11.0,23.0,12.0,22.0,1,0,1,1,1,1,1
4.5,175,2,11.0,22.0,11.0,22.0,11.0,22.0,11.0,22.0,11.0,22.0,11.0,22.0,11.0,22.0,1,1,1,1,1,1,1
4.1,68,2,11.0,22.0,11.0,22.0,11.0,22.0,11.0,22.0,11.0,22.0,11.0,22.0,11.0,22.0,1,0,1,1,1,1,1
4.2,306,2,11.0,22.0,11.0,22.0,11.0,22.0,11.0,22.0,11.0,22.0,11.0,22.0,11.0,22.0,1,0,1,1,0,0,0
4.6,178,2,11.0,21.0,11.0,21.0,11.0,21.0,11.0,21.0,11.0,22.0,11.0,22.0,11.0,21.0,1,1,1,1,1,1,1
3.4,192,1,10.0,0.0,10.0,0.0,10.0,0.0,10.0,0.0,10.0,1.0,10.0,1.0,10.0,0.0,1,1,1,0,1,1,0
4.0,218,2,11.0,23.0,11.0,23.0,11.0,23.0,11.0,23.0,11.0,0.0,11.0,0.0,11.0,23.0,1,0,1,1,0,0,0
3.2,158,1,11.0,21.0,11.0,21.0,11.0,21.0,11.0,21.0,11.0,21.0,11.0,21.0,11.0,21.0,1,1,1,1,1,1,1
4.1,47,2,14.0,21.0,14.0,21.0,11.0,21.0,11.0,22.0,11.0,23.0,11.0,23.0,11.0,22.0,1,1,1,1,1,1,1
4.0,247,1,11.0,19.0,11.0,19.0,11.0,19.0,11.0,19.0,11.0,20.0,11.0,20.0,11.0,19.0,1,1,1,1,1,1,1
4.5,204,2,11.0,21.0,11.0,21.0,11.0,21.0,11.0,21.0,11.0,22.0,11.0,22.0,11.0,21.0,1,1,1,1,0,0,0
4.6,115,1,11.0,21.0,11.0,21.0,11.0,21.0,11.0,21.0,11.0,21.0,11.0,21.0,11.0,21.0,1,1,1,1,1,1,1
4.4,248,1,11.0,22.0,11.0,22.0,11.0,22.0,11.0,22.0,11.0,22.0,11.0,22.0,11.0,22.0,1,1,1,1,1,1,1
4.0,257,1,11.0,23.0,11.0,23.0,11.0,23.0,11.0,23.0,11.0,0.0,11.0,0.0,11.0,23.0,1,1,1,1,1,1,1
2.6,38,2,15.0,3.0,15.0,3.0,15.0,3.0,15.0,3.0,15.0,3.0,11.0,3.0,11.0,0.0,1,0,0,0,0,0,0
4.4,212,2,11.0,21.0,11.0,21.0,11.0,21.0,11.0,21.0,11.0,22.0,11.0,22.0,11.0,21.0,1,1,1,1,1,1,1
3.6,53,1,11.0,22.0,11.0,22.0,11.0,22.0,11.0,22.0,11.0,23.0,11.0,23.0,11.0,22.0,1,1,1,0,1,1,1
4.3,147,1,9.0,22.0,9.0,22.0,9.0,22.0,9.0,22.0,9.0,22.0,9.0,22.0,9.0,22.0,1,1,1,1,1,1,1
4.3,135,1,10.0,22.0,10.0,22.0,10.0,22.0,10.0,22.0,10.0,23.0,10.0,23.0,10.0,23.0,1,1,1,1,0,0,0
4.4,104,2,11.0,21.0,11.0,21.0,11.0,22.0,11.0,22.0,11.0,22.0,11.0,22.0,11.0,21.0,1,1,1,1,1,1,1
4.5,138,1,11.0,22.0,11.0,22.0,11.0,22.0,11.0,22.0,11.0,23.0,11.0,23.0,11.0,22.0,1,0,1,1,0,0,0
4.4,192,2,10.0,22.0,10.0,22.0,10.0,22.0,10.0,22.0,10.0,23.0,10.0,23.0,12.0,22.0,1,1,1,1,1,1,1
4.0,153,1,11.0,21.0,11.0,21.0,11.0,21.0,11.0,21.0,11.0,21.0,11.0,21.0,12.0,20.0,1,1,1,1,1,1,1
4.2,218,2,11.0,22.0,11.0,22.0,11.0,22.0,11.0,22.0,11.0,23.0,11.0,23.0,12.0,22.0,1,1,1,1,1,1,1
3.6,118,1,11.0,1.0,11.0,1.0,11.0,1.0,11.0,1.0,11.0,2.0,11.0,2.0,11.0,1.0,1,0,1,0,0,0,0
4.5,333,2,11.0,21.0,11.0,21.0,11.0,21.0,11.0,21.0,11.0,22.0,11.0,22.0,11.0,21.0,1,1,1,1,1,1,1
4.0,147,2,11.0,22.0,11.0,22.0,11.0,22.0,11.0,22.0,11.0,22.0,11.0,22.0,12.0,22.0,1,1,1,1,1,1,1
3.9,198,1,11.0,21.0,11.0,21.0,11.0,21.0,11.0,21.0,11.0,22.0,11.0,22.0,11.0,21.0,1,0,1,1,1,1,1
3.8,98,2,11.0,0.0,11.0,0.0,11.0,0.0,11.0,0.0,11.0,0.0,11.0,0.0,12.0,0.0,1,0,1,0,0,0,0
3.6,146,1,10.0,0.0,10.0,0.0,10.0,0.0,10.0,0.0,10.0,1.0,10.0,1.0,22.0,0.0,1,0,1,0,0,0,0
2.7,258,1,10.0,0.0,10.0,0.0,10.0,0.0,10.0,0.0,10.0,1.0,10.0,1.0,10.0,0.0,1,1,1,0,0,0,0
4.6,68,1,11.0,22.0,11.0,22.0,11.0,22.0,11.0,22.0,11.0,20.0,11.0,22.0,12.0,21.0,1,0,1,1,1,1,1
3.5,108,3,10.0,22.0,10.0,22.0,10.0,22.0,10.0,22.0,10.0,23.0,10.0,23.0,12.0,22.0,1,0,1,1,1,1,1
4.3,173,1,11.0,19.0,11.0,21.0,11.0,21.0,11.0,21.0,11.0,21.0,11.0,21.0,11.0,21.0,1,1,1,0,1,1,1
4.4,125,2,10.0,22.0,10.0,22.0,10.0,22.0,10.0,22.0,10.0,22.0,10.0,22.0,10.0,22.0,1,1,1,1,1,1,1
4.1,275,1,11.0,0.0,11.0,0.0,11.0,0.0,11.0,0.0,11.0,1.0,11.0,1.0,11.0,0.0,1,0,1,1,1,1,1
3.8,157,1,11.0,23.0,11.0,23.0,11.0,23.0,11.0,23.0,11.0,0.0,11.0,0.0,11.0,23.0,1,1,1,1,0,0,0
3.7,64,1,11.0,22.0,11.0,22.0,11.0,22.0,11.0,22.0,11.0,22.0,11.0,22.0,11.0,22.0,1,0,1,1,0,0,0
4.3,65,1,11.0,22.0,11.0,22.0,11.0,22.0,11.0,22.0,11.0,23.0,11.0,23.0,12.0,22.0,0,0,1,1,0,0,0
4.2,158,1,10.0,22.0,10.0,22.0,10.0,22.0,10.0,22.0,10.0,22.0,10.0,22.0,10.0,22.0,1,0,1,1,1,1,1
4.3,125,2,10.0,22.0,10.0,22.0,10.0,22.0,10.0,22.0,10.0,22.0,10.0,22.0,11.0,22.0,1,1,1,1,1,1,1
4.6,147,1,11.0,21.0,11.0,21.0,11.0,21.0,11.0,21.0,11.0,21.0,11.0,21.0,12.0,20.0,1,0,1,1,1,1,1
4.4,156,1,11.0,21.0,11.0,21.0,11.0,21.0,11.0,21.0,11.0,22.0,11.0,22.0,11.0,21.0,1,1,1,1,1,1,1
4.0,148,1,11.0,22.0,11.0,22.0,11.0,22.0,11.0,22.0,11.0,23.0,11.0,23.0,12.0,21.0,1,0,1,1,1,1,1
4.3,238,1,11.0,23.0,11.0,23.0,11.0,23.0,11.0,23.0,11.0,23.0,11.0,23.0,12.0,23.0,1,0,1,0,0,0,0
3.5,228,1,11.0,22.0,11.0,22.0,11.0,22.0,11.0,22.0,11.0,23.0,11.0,23.0,11.0,22.0,1,1,1,0,0,0,0
4.6,135,2,10.0,21.0,10.0,21.0,10.0,21.0,10.0,21.0,10.0,21.0,10.0,21.0,11.0,21.0,1,1,1,1,1,1,1
4.4,73,1,10.0,21.0,10.0,21.0,10.0,21.0,10.0,21.0,10.0,22.0,10.0,22.0,10.0,21.0,1,1,1,1,1,1,1
4.4,106,1,11.0,22.0,11.0,22.0,11.0,22.0,11.0,22.0,11.0,22.0,11.0,22.0,12.0,21.0,1,0,1,1,1,1,1
4.4,98,1,11.0,22.0,11.0,22.0,11.0,22.0,11.0,22.0,11.0,22.0,11.0,22.0,11.0,22.0,1,1,1,1,1,1,1
4.2,148,2,15.0,20.0,10.0,20.0,10.0,20.0,10.0,20.0,10.0,21.0,11.0,21.0,11.0,20.0,1,1,1,1,1,1,1
1.9,78,2,10.0,20.0,10.0,20.0,10.0,20.0,10.0,20.0,10.0,20.0,10.0,20.0,10.0,20.0,1,0,1,0,1,1,1
4.3,138,1,11.0,20.0,11.0,20.0,11.0,20.0,11.0,20.0,11.0,20.0,11.0,20.0,11.0,20.0,0,0,1,1,1,1,1
3.9,168,2,11.0,23.0,11.0,23.0,11.0,1.0,11.0,1.0,11.0,1.0,11.0,2.0,11.0,0.0,1,1,1,0,0,0,0
3.5,78,1,10.0,22.0,10.0,22.0,10.0,22.0,10.0,22.0,10.0,22.0,10.0,20.0,10.0,20.0,1,0,0,1,0,0,0
4.5,558,2,10.0,22.0,10.0,22.0,10.0,22.0,10.0,22.0,10.0,23.0,11.0,22.0,11.0,22.0,1,1,1,1,1,1,1
4.5,138,2,9.0,21.0,9.0,21.0,9.0,21.0,9.0,21.0,9.0,21.0,9.0,21.0,9.0,21.0,1,0,1,1,1,1,1
4.1,78,1,11.0,22.0,11.0,22.0,11.0,21.0,11.0,22.0,11.0,23.0,11.0,23.0,11.0,22.0,0,0,0,1,0,0,0
4.7,118,2,10.0,21.0,10.0,21.0,10.0,21.0,10.0,21.0,10.0,21.0,10.0,21.0,10.0,21.0,1,1,1,1,1,1,1
4.3,228,2,10.0,22.0,10.0,22.0,10.0,22.0,10.0,22.0,10.0,0.0,11.0,0.0,11.0,22.0,1,1,1,1,1,1,1
3.7,57,1,11.0,21.0,11.0,21.0,11.0,21.0,11.0,21.0,11.0,21.0,11.0,21.0,11.0,21.0,1,1,1,1,1,1,1
4.7,168,1,12.0,20.0,12.0,20.0,12.0,20.0,12.0,20.0,12.0,20.0,12.0,20.0,12.0,19.0,0,0,1,1,1,1,1
4.3,128,1,11.0,21.0,11.0,21.0,11.0,21.0,11.0,21.0,11.0,21.0,11.0,21.0,11.0,21.0,1,0,1,1,1,1,1
4.1,398,2,11.0,23.0,11.0,23.0,11.0,23.0,11.0,23.0,11.0,2.0,11.0,2.0,11.0,22.0,1,1,1,1,1,1,1
2.8,618,1,10.0,0.0,10.0,0.0,10.0,0.0,10.0,0.0,10.0,0.0,10.0,0.0,22.0,0.0,1,1,1,0,0,0,0
4.0,136,2,11.0,21.0,11.0,21.0,11.0,21.0,11.0,21.0,11.0,22.0,11.0,22.0,11.0,21.0,1,0,1,1,1,1,1
3.9,145,1,11.0,22.0,11.0,22.0,11.0,22.0,11.0,22.0,11.0,22.0,11.0,22.0,11.0,21.0,1,0,1,1,1,1,1
4.4,128,2,11.0,22.0,11.0,22.0,11.0,22.0,11.0,22.0,11.0,22.0,11.0,22.0,11.0,22.0,0,1,1,1,1,1,1
3.7,208,1,9.0,3.0,9.0,3.0,9.0,3.0,9.0,3.0,9.0,3.0,9.0,3.0,9.0,3.0,1,0,1,1,1,1,1
4.5,158,2,10.0,23.0,10.0,23.0,10.0,23.0,10.0,23.0,10.0,23.0,10.0,23.0,11.0,22.0,1,1,1,1,1,1,1
3.6,157,1,11.0,22.0,11.0,22.0,11.0,22.0,11.0,22.0,11.0,22.0,11.0,22.0,11.0,22.0,1,1,1,0,0,0,0
3.5,145,1,11.0,0.0,11.0,0.0,11.0,0.0,11.0,0.0,11.0,1.0,11.0,1.0,11.0,0.0,1,0,1,0,0,0,0
4.0,218,1,11.0,21.0,11.0,21.0,11.0,21.0,11.0,21.0,11.0,21.0,11.0,21.0,11.0,21.0,1,0,1,1,1,1,1
4.1,97,2,11.0,21.0,11.0,21.0,11.0,21.0,11.0,21.0,11.0,21.0,11.0,21.0,12.0,21.0,1,1,1,1,1,1,1
3.8,164,1,10.0,0.0,10.0,0.0,10.0,0.0,10.0,0.0,10.0,1.0,10.0,1.0,10.0,0.0,1,1,1,0,0,0,0
3.1,168,1,11.0,23.0,11.0,23.0,11.0,23.0,11.0,23.0,11.0,23.0,11.0,23.0,11.0,23.0,1,1,1,0,1,1,1
4.1,188,1,11.0,20.0,11.0,20.0,11.0,20.0,11.0,20.0,11.0,20.0,11.0,20.0,11.0,20.0,1,1,1,1,1,1,1
4.0,46,1,11.0,22.0,11.0,22.0,11.0,22.0,11.0,22.0,11.0,22.0,11.0,22.0,11.0,22.0,1,1,1,1,1,1,1
3.7,168,2,10.0,23.0,10.0,23.0,10.0,23.0,10.0,23.0,10.0,23.0,10.0,23.0,10.0,23.0,1,1,1,1,1,1,1
4.2,58,2,11.0,22.0,11.0,22.0,11.0,22.0,11.0,22.0,11.0,22.0,11.0,22.0,11.0,22.0,1,0,1,1,0,0,0
3.6,28,1,11.0,23.0,11.0,23.0,11.0,23.0,11.0,23.0,11.0,23.0,11.0,23.0,11.0,22.0,1,0,1,0,1,1,1
3.1,278,1,11.0,1.0,11.0,1.0,11.0,1.0,11.0,1.0,11.0,2.0,11.0,2.0,11.0,1.0,1,0,1,0,0,0,0
4.4,147,1,11.0,21.0,11.0,21.0,11.0,21.0,11.0,21.0,11.0,21.0,11.0,21.0,11.0,21.0,1,0,1,0,1,1,1
4.7,135,2,11.0,22.0,11.0,22.0,11.0,22.0,11.0,22.0,11.0,22.0,11.0,22.0,11.0,22.0,1,1,1,1,1,1,1
4.6,128,1,11.0,21.0,11.0,21.0,11.0,21.0,11.0,18.0,11.0,21.0,11.0,21.0,11.0,21.0,1,0,1,1,1,1,1
4.0,174,2,6.0,23.0,6.0,23.0,6.0,23.0,6.0,23.0,6.0,23.0,6.0,23.0,6.0,23.0,1,1,1,1,1,0,1
4.2,168,1,7.0,22.0,7.0,22.0,7.0,22.0,7.0,22.0,7.0,23.0,7.0,23.0,8.0,22.0,1,0,1,1,1,1,1
3.5,138,1,10.0,1.0,10.0,1.0,10.0,1.0,10.0,1.0,10.0,3.0,10.0,3.0,10.0,1.0,1,0,1,0,0,0,0
4.0,177,1,11.0,22.0,11.0,22.0,11.0,22.0,11.0,22.0,11.0,22.0,11.0,22.0,11.0,22.0,1,1,1,1,1,1,1
3.6,73,1,11.0,22.0,11.0,22.0,11.0,22.0,11.0,22.0,11.0,22.0,11.0,22.0,11.0,22.0,1,0,1,1,0,0,0
4.4,65,2,11.0,21.0,11.0,21.0,11.0,21.0,11.0,21.0,11.0,21.0,11.0,21.0,11.0,21.0,1,0,1,1,1,1,1
3.9,338,2,11.0,22.0,11.0,22.0,11.0,22.0,11.0,22.0,11.0,22.0,11.0,22.0,11.0,22.0,1,1,1,1,1,1,1
3.0,298,1,11.0,0.0,11.0,0.0,11.0,0.0,11.0,0.0,11.0,1.0,11.0,1.0,11.0,0.0,1,1,1,0,0,0,0
3.7,58,1,11.0,22.0,11.0,22.0,11.0,22.0,11.0,0.0,11.0,0.0,11.0,0.0,11.0,21.0,1,0,1,1,1,1,1
4.4,178,1,11.0,21.0,11.0,21.0,11.0,21.0,11.0,21.0,11.0,22.0,11.0,22.0,11.0,21.0,1,1,1,0,0,0,0
4.2,238,1,11.0,21.0,11.0,21.0,11.0,21.0,11.0,21.0,11.0,21.0,11.0,21.0,11.0,21.0,1,0,1,1,1,1,1
4.1,106,1,10.0,22.0,10.0,22.0,10.0,22.0,10.0,22.0,10.0,22.0,10.0,22.0,11.0,22.0,1,1,1,1,1,1,1
4.5,74,2,11.0,22.0,11.0,22.0,11.0,22.0,11.0,22.0,11.0,22.0,11.0,22.0,12.0,21.0,1,0,1,1,0,0,0
4.6,28,1,6.0,20.0,6.0,20.0,6.0,20.0,6.0,20.0,6.0,20.0,6.0,20.0,6.0,20.0,1,0,0,1,0,0,0
4.3,88,1,11.0,21.0,11.0,21.0,11.0,21.0,11.0,21.0,11.0,21.0,11.0,21.0,11.0,21.0,1,1,1,1,1,1,1
4.2,68,1,11.0,21.0,11.0,21.0,11.0,21.0,11.0,21.0,11.0,21.0,11.0,21.0,12.0,21.0,1,0,1,1,1,1,1
4.7,127,2,11.0,21.0,11.0,21.0,11.0,21.0,11.0,21.0,11.0,22.0,11.0,22.0,12.0,21.0,1,1,1,1,1,1,1
4.3,696,1,10.0,2.0,10.0,2.0,10.0,2.0,10.0,3.0,10.0,4.0,10.0,3.0,11.0,2.0,1,0,1,1,1,1,1
3.9,14,2,4.0,0.0,4.0,0.0,4.0,0.0,4.0,0.0,4.0,0.0,4.0,0.0,4.0,0.0,0,0,0,0,0,0,0
4.7,33,2,12.0,22.0,12.0,22.0,12.0,22.0,12.0,22.0,12.0,22.0,12.0,22.0,12.0,20.0,1,1,1,1,1,1,1
4.0,28,2,11.0,21.0,11.0,21.0,11.0,21.0,11.0,21.0,11.0,22.0,11.0,22.0,11.0,21.0,1,0,0,1,0,0,0
4.5,38,1,12.0,23.0,12.0,23.0,12.0,23.0,12.0,23.0,12.0,0.0,12.0,0.0,12.0,23.0,1,1,1,1,1,0,0
2.8,48,1,10.0,21.0,10.0,21.0,10.0,21.0,10.0,21.0,10.0,21.0,9.0,21.0,9.0,21.0,1,1,1,1,1,1,1
4.2,48,1,11.0,21.0,11.0,21.0,11.0,21.0,11.0,21.0,11.0,21.0,11.0,21.0,12.0,21.0,1,0,1,1,0,0,0
3.9,78,1,11.0,21.0,11.0,21.0,11.0,21.0,11.0,21.0,11.0,22.0,11.0,22.0,11.0,21.0,1,1,1,1,1,1,1
3.9,93,1,11.0,22.0,11.0,22.0,11.0,22.0,11.0,22.0,11.0,23.0,11.0,23.0,12.0,22.0,1,1,1,1,1,1,1
2.8,56,2,11.0,0.0,11.0,0.0,11.0,0.0,11.0,0.0,11.0,0.0,11.0,0.0,11.0,0.0,1,0,1,1,0,0,0
4.1,38,1,6.0,21.0,6.0,21.0,6.0,21.0,6.0,21.0,6.0,21.0,6.0,21.0,6.0,21.0,1,1,1,1,1,1,1
4.1,58,1,9.0,21.0,9.0,21.0,9.0,21.0,9.0,21.0,9.0,22.0,9.0,22.0,9.0,21.0,1,0,0,1,0,0,0
3.4,28,2,7.0,14.0,7.0,14.0,7.0,14.0,7.0,14.0,7.0,14.0,7.0,14.0,7.0,14.0,1,0,0,0,0,0,0
3.9,45,1,11.0,23.0,11.0,23.0,11.0,23.0,11.0,23.0,11.0,23.0,11.0,23.0,11.0,23.0,1,1,1,1,1,1,1
4.0,18,2,11.0,2.0,11.0,2.0,11.0,2.0,11.0,2.0,11.0,3.0,11.0,3.0,11.0,2.0,1,0,0,0,1,1,1
3.9,64,2,11.0,22.0,11.0,22.0,11.0,22.0,11.0,22.0,11.0,23.0,11.0,23.0,12.0,22.0,1,0,0,1,1,1,1
4.0,37,1,10.0,22.0,10.0,22.0,10.0,22.0,10.0,22.0,10.0,16.0,10.0,16.0,10.0,21.0,1,1,1,1,1,0,0
3.5,26,1,11.0,0.0,11.0,0.0,11.0,0.0,11.0,0.0,11.0,1.0,11.0,1.0,11.0,0.0,1,0,0,1,0,0,0
4.0,24,1,10.0,23.0,10.0,23.0,10.0,23.0,10.0,23.0,10.0,23.0,10.0,23.0,10.0,23.0,1,0,0,1,0,0,0
3.9,57,1,11.0,20.0,11.0,20.0,11.0,20.0,11.0,20.0,11.0,21.0,11.0,21.0,11.0,20.0,1,1,1,1,1,1,1
4.4,68,1,11.0,22.0,11.0,22.0,11.0,22.0,11.0,22.0,11.0,22.0,11.0,22.0,11.0,21.0,1,1,1,1,1,1,1
3.6,37,2,11.0,23.0,11.0,23.0,11.0,23.0,11.0,23.0,11.0,23.0,11.0,23.0,11.0,23.0,1,0,1,0,0,0,0
4.3,168,1,11.0,23.0,11.0,23.0,11.0,23.0,11.0,23.0,11.0,23.0,11.0,23.0,11.0,23.0,1,1,1,1,1,1,1
4.3,48,1,11.0,23.0,11.0,23.0,11.0,23.0,11.0,23.0,11.0,23.0,11.0,23.0,11.0,23.0,1,1,1,1,1,1,1
4.4,78,1,11.0,23.0,11.0,23.0,11.0,23.0,11.0,23.0,11.0,23.0,12.0,23.0,14.0,21.0,1,1,1,1,1,1,0
2.6,54,2,15.0,3.0,15.0,3.0,15.0,3.0,15.0,3.0,15.0,3.0,11.0,3.0,11.0,3.0,1,0,0,1,0,0,0
3.6,98,1,10.0,2.0,10.0,2.0,10.0,2.0,10.0,2.0,10.0,4.0,10.0,4.0,10.0,2.0,1,1,1,1,1,1,1
3.8,44,1,11.0,22.0,11.0,22.0,11.0,22.0,11.0,22.0,11.0,22.0,11.0,22.0,11.0,22.0,1,1,1,1,1,1,1
4.8,48,1,12.0,21.0,12.0,21.0,12.0,21.0,12.0,21.0,12.0,22.0,12.0,22.0,12.0,21.0,1,1,1,1,1,1,1
4.4,87,1,11.0,21.0,11.0,21.0,11.0,21.0,11.0,21.0,11.0,21.0,11.0,21.0,11.0,21.0,1,1,1,1,1,1,1
3.8,18,2,10.0,22.0,10.0,22.0,10.0,22.0,10.0,22.0,10.0,22.0,10.0,22.0,10.0,22.0,1,0,0,1,0,0,0
4.6,84,1,6.0,22.0,6.0,22.0,6.0,22.0,6.0,22.0,6.0,22.0,6.0,22.0,6.0,22.0,1,1,1,1,1,1,1
4.3,98,1,11.0,21.0,11.0,21.0,11.0,21.0,11.0,21.0,11.0,21.0,11.0,21.0,11.0,21.0,1,0,1,1,1,1,1
3.4,18,1,10.0,23.0,10.0,23.0,10.0,23.0,10.0,23.0,10.0,0.0,10.0,0.0,11.0,23.0,0,0,1,1,0,0,0
4.4,98,1,10.0,21.0,10.0,21.0,10.0,21.0,10.0,21.0,10.0,22.0,10.0,22.0,11.0,21.0,1,1,1,0,1,1,1
3.7,38,2,11.0,21.0,11.0,21.0,11.0,21.0,11.0,21.0,11.0,22.0,11.0,22.0,11.0,21.0,1,0,1,1,0,0,0
3.9,78,1,11.0,22.0,11.0,22.0,11.0,22.0,11.0,22.0,11.0,23.0,11.0,23.0,12.0,21.0,1,1,1,1,1,1,1
4.4,37,1,11.0,22.0,11.0,22.0,11.0,22.0,11.0,22.0,11.0,23.0,11.0,23.0,12.0,21.0,1,0,1,1,1,1,1
4.4,73,2,11.0,21.0,11.0,21.0,11.0,21.0,11.0,21.0,11.0,3.0,11.0,3.0,12.0,20.0,1,1,1,1,1,1,1
4.5,14,3,11.0,18.0,11.0,18.0,11.0,18.0,11.0,18.0,11.0,18.0,11.0,18.0,11.0,18.0,1,0,1,1,1,1,0
4.5,38,1,11.0,20.0,11.0,20.0,11.0,20.0,11.0,20.0,11.0,21.0,11.0,21.0,12.0,18.0,1,1,1,1,1,1,1
4.7,78,2,11.0,22.0,11.0,22.0,11.0,22.0,11.0,22.0,11.0,22.0,11.0,22.0,12.0,22.0,1,1,1,1,1,1,1
3.5,105,1,10.0,4.0,10.0,4.0,10.0,4.0,10.0,4.0,10.0,4.0,10.0,4.0,10.0,4.0,1,0,1,0,1,1,0
3.3,55,1,11.0,23.0,11.0,23.0,11.0,23.0,11.0,23.0,11.0,0.0,11.0,0.0,11.0,23.0,1,1,1,0,1,1,1
4.2,28,1,11.0,21.0,11.0,21.0,11.0,21.0,11.0,21.0,11.0,21.0,11.0,21.0,12.0,20.0,1,0,1,1,1,1,1
3.3,27,1,11.0,22.0,11.0,22.0,11.0,22.0,11.0,22.0,11.0,23.0,11.0,23.0,11.0,22.0,1,0,1,1,0,0,0
3.6,38,1,11.0,22.0,11.0,22.0,11.0,22.0,11.0,22.0,11.0,22.0,11.0,22.0,11.0,22.0,1,0,1,1,1,1,1
4.0,58,1,11.0,0.0,11.0,0.0,11.0,0.0,11.0,0.0,11.0,2.0,11.0,2.0,12.0,21.0,1,1,1,1,1,1,1
3.9,104,2,11.0,21.0,11.0,21.0,11.0,21.0,11.0,22.0,11.0,22.0,11.0,22.0,11.0,21.0,1,0,1,1,1,1,1
3.7,16,1,5.0,0.0,5.0,0.0,5.0,0.0,5.0,0.0,5.0,0.0,5.0,0.0,5.0,0.0,0,0,0,0,0,0,0
3.9,48,1,9.0,23.0,9.0,23.0,9.0,23.0,9.0,23.0,9.0,23.0,9.0,23.0,10.0,23.0,1,0,1,1,1,1,1
4.2,45,1,11.0,21.0,11.0,21.0,11.0,21.0,11.0,21.0,11.0,22.0,11.0,22.0,11.0,21.0,1,0,1,1,1,1,1
3.2,68,1,11.0,5.0,11.0,5.0,11.0,5.0,11.0,5.0,11.0,5.0,11.0,5.0,11.0,5.0,1,0,1,1,1,1,1
4.1,118,1,10.0,23.0,10.0,23.0,10.0,23.0,10.0,23.0,10.0,23.0,10.0,23.0,10.0,23.0,1,1,1,1,1,1,1
4.1,26,1,10.0,22.0,10.0,22.0,10.0,22.0,10.0,22.0,10.0,22.0,10.0,22.0,10.0,22.0,1,0,1,1,1,1,1
4.0,65,1,11.0,21.0,11.0,21.0,11.0,21.0,11.0,21.0,11.0,22.0,11.0,22.0,11.0,21.0,1,1,1,1,1,1,1
4.3,73,1,11.0,23.0,11.0,23.0,11.0,23.0,11.0,23.0,11.0,23.0,11.0,23.0,11.0,23.0,1,0,1,1,1,1,1
4.2,58,1,11.0,21.0,11.0,21.0,11.0,21.0,11.0,21.0,11.0,22.0,11.0,22.0,12.0,21.0,1,0,1,1,1,1,1
4.0,28,1,11.0,21.0,11.0,21.0,11.0,21.0,11.0,21.0,11.0,22.0,11.0,22.0,11.0,21.0,1,1,1,1,1,1,1
3.5,178,1,11.0,2.0,11.0,2.0,11.0,2.0,11.0,2.0,11.0,3.0,11.0,3.0,11.0,2.0,1,1,1,0,1,0,0
4.6,47,2,11.0,20.0,11.0,20.0,11.0,20.0,11.0,21.0,11.0,21.0,11.0,21.0,11.0,20.0,1,1,1,1,1,1,1
4.4,57,1,11.0,21.0,11.0,21.0,11.0,21.0,11.0,21.0,11.0,23.0,11.0,23.0,11.0,21.0,1,0,1,1,0,0,0
4.1,128,2,11.0,19.0,11.0,19.0,11.0,19.0,11.0,20.0,11.0,20.0,11.0,19.0,11.0,19.0,1,0,1,1,0,0,0
4.5,53,1,15.0,21.0,15.0,21.0,15.0,21.0,11.0,21.0,11.0,22.0,11.0,22.0,12.0,20.0,1,0,1,1,1,1,1
4.3,34,1,5.0,23.0,5.0,23.0,5.0,23.0,5.0,23.0,5.0,23.0,5.0,23.0,5.0,23.0,1,0,1,1,1,0,1
4.0,75,1,11.0,22.0,11.0,22.0,11.0,22.0,11.0,22.0,11.0,23.0,11.0,23.0,11.0,22.0,1,0,1,1,1,1,1
3.6,78,2,10.0,22.0,10.0,22.0,10.0,22.0,10.0,22.0,10.0,22.0,11.0,22.0,12.0,22.0,1,1,1,1,1,1,1
3.7,98,1,11.0,23.0,11.0,23.0,11.0,23.0,11.0,23.0,11.0,0.0,11.0,0.0,12.0,23.0,1,0,1,0,1,1,1
4.7,48,1,11.0,22.0,11.0,22.0,11.0,22.0,11.0,22.0,11.0,23.0,11.0,23.0,11.0,22.0,1,1,1,1,1,1,1
4.5,58,1,10.0,21.0,10.0,21.0,10.0,21.0,10.0,21.0,10.0,22.0,10.0,22.0,11.0,20.0,1,1,1,1,1,1,1
3.5,38,1,11.0,22.0,11.0,22.0,11.0,22.0,11.0,22.0,11.0,22.0,11.0,22.0,11.0,22.0,1,1,1,1,1,1,1
3.7,94,2,10.0,22.0,10.0,22.0,10.0,22.0,10.0,22.0,10.0,23.0,10.0,23.0,10.0,22.0,1,1,1,1,1,1,1
4.1,98,1,11.0,22.0,11.0,22.0,11.0,22.0,11.0,22.0,11.0,22.0,11.0,22.0,12.0,21.0,1,0,1,1,1,1,1
4.5,56,2,11.0,21.0,11.0,21.0,11.0,21.0,11.0,21.0,11.0,21.0,11.0,21.0,11.0,21.0,1,1,1,1,1,1,1
3.8,48,2,10.0,22.0,10.0,22.0,10.0,22.0,10.0,22.0,10.0,22.0,10.0,22.0,10.0,22.0,1,0,1,1,1,1,1
4.3,28,2,11.0,21.0,11.0,21.0,11.0,21.0,11.0,21.0,11.0,22.0,11.0,22.0,11.0,21.0,1,0,1,1,0,0,0
3.7,58,1,11.0,23.0,11.0,23.0,11.0,23.0,11.0,23.0,11.0,0.0,11.0,0.0,11.0,23.0,1,0,1,0,0,0,0
3.4,38,1,11.0,22.0,11.0,22.0,11.0,22.0,11.0,22.0,11.0,22.0,11.0,22.0,11.0,22.0,1,0,1,0,1,1,1
4.3,58,1,10.0,20.0,10.0,20.0,10.0,20.0,10.0,20.0,10.0,20.0,10.0,20.0,10.0,20.0,1,0,1,1,1,1,1
3.8,217,1,11.0,22.0,11.0,22.0,11.0,22.0,11.0,22.0,11.0,23.0,11.0,23.0,12.0,21.0,1,0,1,1,0,0,0
3.7,47,1,10.0,2.0,10.0,2.0,10.0,2.0,10.0,2.0,10.0,2.0,10.0,2.0,10.0,2.0,1,0,1,1,1,1,1
4.5,87,1,11.0,21.0,11.0,21.0,11.0,21.0,11.0,21.0,11.0,22.0,11.0,22.0,12.0,20.0,1,0,1,1,0,0,0
4.3,84,1,15.0,21.0,15.0,21.0,15.0,21.0,15.0,21.0,15.0,21.0,15.0,21.0,15.0,21.0,1,0,1,1,1,1,1
4.2,28,1,10.0,0.0,10.0,0.0,10.0,0.0,10.0,0.0,10.0,1.0,10.0,1.0,10.0,0.0,1,1,1,1,1,1,1
3.7,68,2,10.0,22.0,10.0,22.0,10.0,22.0,10.0,22.0,10.0,22.0,10.0,22.0,10.0,22.0,1,0,1,1,0,0,0
4.1,38,1,10.0,22.0,10.0,22.0,10.0,22.0,10.0,22.0,10.0,22.0,10.0,22.0,10.0,21.0,1,1,1,1,1,1,1
4.2,28,2,11.0,22.0,11.0,22.0,11.0,22.0,11.0,22.0,11.0,22.0,11.0,22.0,11.0,22.0,1,0,0,1,0,0,0
4.1,67,1,10.0,22.0,10.0,22.0,10.0,22.0,10.0,22.0,10.0,22.0,10.0,22.0,10.0,22.0,1,0,1,1,1,1,1
4.3,28,1,11.0,21.0,11.0,21.0,11.0,21.0,11.0,21.0,11.0,21.0,11.0,21.0,12.0,17.0,1,1,1,1,1,1,1
4.4,88,1,11.0,22.0,11.0,22.0,11.0,22.0,11.0,22.0,11.0,22.0,11.0,22.0,11.0,22.0,1,1,1,1,1,1,1
4.4,18,1,11.0,21.0,11.0,21.0,11.0,21.0,11.0,21.0,11.0,21.0,11.0,21.0,11.0,20.0,1,1,1,1,1,1,1
3.8,28,2,11.0,22.0,11.0,22.0,11.0,22.0,11.0,22.0,11.0,23.0,11.0,23.0,11.0,21.0,1,0,0,0,0,0,0
4.1,58,2,11.0,20.0,11.0,20.0,11.0,20.0,11.0,20.0,11.0,21.0,11.0,21.0,12.0,20.0,1,1,1,1,1,1,1
4.4,25,2,4.0,0.0,4.0,0.0,4.0,0.0,4.0,0.0,4.0,0.0,4.0,0.0,4.0,0.0,0,0,0,0,0,0,0
4.4,128,2,11.0,21.0,11.0,21.0,11.0,21.0,11.0,21.0,11.0,22.0,11.0,22.0,12.0,21.0,1,1,1,1,1,1,1
4.7,113,1,11.0,21.0,11.0,21.0,11.0,21.0,11.0,21.0,11.0,22.0,11.0,22.0,12.0,20.0,1,1,1,1,1,1,1
4.6,38,2,7.0,23.0,7.0,23.0,7.0,23.0,7.0,23.0,7.0,16.0,21.0,1.0,9.0,21.0,1,0,1,1,0,0,0
4.8,33,2,10.0,22.0,10.0,22.0,10.0,22.0,10.0,22.0,10.0,22.0,10.0,22.0,10.0,22.0,1,1,1,1,1,1,1
4.0,58,1,11.0,21.0,11.0,21.0,11.0,21.0,11.0,21.0,11.0,21.0,11.0,21.0,11.0,21.0,1,1,1,1,1,1,1
4.7,78,1,11.0,21.0,11.0,21.0,11.0,21.0,11.0,21.0,11.0,21.0,11.0,21.0,13.0,18.0,1,1,1,1,1,1,1
4.7,18,1,7.0,15.0,7.0,15.0,7.0,15.0,7.0,15.0,7.0,20.0,7.0,20.0,7.0,15.0,1,0,1,1,0,0,0
3.7,86,1,10.0,21.0,10.0,21.0,10.0,21.0,10.0,21.0,10.0,22.0,10.0,22.0,10.0,21.0,1,0,1,1,1,1,1
3.2,35,1,11.0,22.0,11.0,22.0,11.0,22.0,11.0,22.0,11.0,23.0,11.0,23.0,11.0,22.0,1,0,1,1,0,0,0
4.3,88,1,11.0,22.0,11.0,22.0,11.0,22.0,11.0,22.0,11.0,22.0,11.0,22.0,11.0,22.0,1,1,1,1,1,1,1
4.4,28,1,11.0,22.0,11.0,22.0,11.0,22.0,11.0,22.0,11.0,22.0,11.0,22.0,11.0,21.0,1,0,1,1,1,1,0
4.3,124,1,10.0,22.0,10.0,22.0,10.0,22.0,10.0,22.0,10.0,22.0,10.0,22.0,11.0,22.0,1,1,1,1,1,1,1
3.7,88,1,9.0,2.0,9.0,2.0,9.0,2.0,9.0,2.0,9.0,2.0,9.0,2.0,9.0,2.0,1,1,1,1,1,1,1
3.2,158,1,17.0,4.0,17.0,4.0,17.0,4.0,17.0,4.0,17.0,4.0,17.0,4.0,17.0,4.0,1,1,1,0,1,1,0
4.0,24,1,11.0,22.0,11.0,22.0,11.0,22.0,11.0,22.0,11.0,23.0,11.0,23.0,11.0,21.0,1,0,1,0,0,0,0
4.0,93,1,10.0,22.0,10.0,22.0,10.0,22.0,10.0,22.0,10.0,22.0,10.0,22.0,10.0,22.0,1,0,1,0,0,0,0
4.1,88,1,11.0,23.0,11.0,23.0,11.0,23.0,11.0,23.0,11.0,23.0,12.0,23.0,12.0,23.0,1,1,1,1,1,1,1
4.2,58,2,11.0,22.0,11.0,22.0,11.0,22.0,11.0,22.0,11.0,22.0,11.0,22.0,12.0,21.0,1,1,1,1,1,1,1
3.9,138,2,10.0,19.0,10.0,20.0,10.0,20.0,10.0,21.0,10.0,21.0,11.0,21.0,11.0,19.0,0,1,1,1,1,1,1
4.6,15,1,11.0,5.0,11.0,5.0,11.0,5.0,11.0,5.0,11.0,5.0,11.0,5.0,11.0,5.0,1,0,0,0,1,0,0
4.0,48,1,10.0,21.0,10.0,21.0,10.0,21.0,10.0,21.0,10.0,21.0,10.0,21.0,10.0,21.0,1,0,1,1,1,1,1
5.0,38,1,5.0,20.0,5.0,20.0,5.0,20.0,5.0,20.0,5.0,20.0,5.0,20.0,5.0,20.0,1,1,1,1,1,1,1
4.0,118,2,11.0,21.0,11.0,21.0,11.0,21.0,11.0,21.0,11.0,21.0,11.0,21.0,11.0,21.0,1,1,1,1,1,1,1
3.6,13,3,11.0,18.0,11.0,18.0,11.0,18.0,11.0,18.0,11.0,18.0,11.0,18.0,8.0,21.0,1,0,1,1,1,0,0
4.2,144,2,12.0,21.0,12.0,21.0,12.0,21.0,12.0,21.0,12.0,21.0,12.0,21.0,12.0,21.0,1,0,1,1,1,1,1
4.1,38,2,6.0,17.0,6.0,17.0,6.0,17.0,6.0,17.0,6.0,17.0,6.0,17.0,6.0,17.0,1,1,1,1,1,1,1
4.2,78,2,11.0,22.0,11.0,22.0,11.0,22.0,11.0,22.0,11.0,23.0,11.0,23.0,11.0,22.0,1,1,1,1,1,1,1
3.1,28,2,10.0,1.0,10.0,1.0,10.0,2.0,10.0,4.0,10.0,5.0,10.0,5.0,10.0,0.0,1,0,1,1,0,1,1
4.3,147,2,10.0,2.0,10.0,2.0,10.0,2.0,10.0,2.0,10.0,2.0,10.0,2.0,11.0,2.0,1,1,1,1,1,1,1
4.5,153,1,6.0,17.0,6.0,17.0,6.0,17.0,6.0,17.0,6.0,17.0,7.0,15.0,7.0,15.0,1,0,1,1,1,1,1
4.0,26,1,11.0,21.0,11.0,21.0,11.0,21.0,11.0,22.0,11.0,22.0,11.0,22.0,12.0,21.0,1,0,1,1,1,1,1
4.6,47,2,11.0,23.0,11.0,23.0,11.0,23.0,11.0,23.0,11.0,23.0,11.0,23.0,11.0,23.0,1,1,1,0,0,0,0
3.9,25,1,14.0,1.0,14.0,1.0,14.0,1.0,14.0,1.0,14.0,2.0,14.0,2.0,14.0,1.0,1,1,1,1,1,1,1
4.4,88,2,10.0,21.0,10.0,21.0,10.0,21.0,10.0,21.0,10.0,21.0,10.0,21.0,10.0,21.0,1,1,1,0,0,0,0
3.4,68,1,11.0,22.0,11.0,22.0,11.0,22.0,11.0,22.0,11.0,22.0,11.0,22.0,11.0,22.0,1,0,1,1,1,1,1
4.1,108,1,10.0,22.0,10.0,22.0,10.0,22.0,10.0,22.0,10.0,23.0,10.0,23.0,10.0,22.0,1,0,1,1,1,1,1
3.7,50,2,11.0,22.0,11.0,22.0,11.0,22.0,11.0,22.0,11.0,22.0,11.0,22.0,11.0,21.0,1,0,1,1,0,0,0
4.6,64,1,10.0,23.0,10.0,23.0,10.0,23.0,10.0,23.0,10.0,23.0,10.0,23.0,10.0,23.0,1,0,1,1,1,1,1
4.3,88,1,9.0,21.0,9.0,21.0,9.0,21.0,9.0,21.0,9.0,21.0,9.0,21.0,9.0,21.0,1,1,1,1,1,1,1
4.5,58,1,11.0,22.0,11.0,22.0,11.0,22.0,11.0,22.0,11.0,22.0,11.0,22.0,12.0,21.0,1,1,1,1,1,1,1
3.4,26,2,12.0,23.0,12.0,23.0,12.0,23.0,12.0,23.0,12.0,23.0,12.0,23.0,12.0,23.0,1,0,0,1,1,1,1
4.6,86,3,11.0,21.0,11.0,21.0,11.0,21.0,11.0,21.0,11.0,22.0,11.0,22.0,11.0,21.0,1,1,1,1,1,1,1
3.0,38,1,11.0,1.0,11.0,1.0,11.0,1.0,11.0,1.0,11.0,2.0,11.0,2.0,11.0,1.0,1,0,1,0,0,0,0
4.0,97,2,11.0,22.0,11.0,22.0,11.0,22.0,11.0,22.0,11.0,22.0,11.0,22.0,12.0,21.0,1,1,1,1,1,1,1
4.7,77,2,11.0,21.0,11.0,21.0,11.0,21.0,11.0,21.0,11.0,23.0,11.0,23.0,11.0,23.0,1,1,1,1,1,1,1
3.2,15,1,11.0,22.0,11.0,22.0,11.0,22.0,11.0,22.0,11.0,23.0,11.0,23.0,12.0,22.0,1,0,1,0,0,0,0
4.0,26,1,5.0,22.0,5.0,22.0,5.0,22.0,5.0,22.0,5.0,22.0,5.0,22.0,5.0,22.0,0,0,0,0,0,0,0
4.4,43,2,11.0,22.0,11.0,22.0,11.0,22.0,11.0,22.0,11.0,22.0,11.0,22.0,11.0,21.0,1,1,1,1,1,1,1
4.1,65,1,7.0,22.0,7.0,22.0,7.0,22.0,7.0,22.0,7.0,22.0,7.0,22.0,7.0,22.0,1,1,1,1,1,1,1
3.2,58,1,11.0,22.0,11.0,22.0,11.0,22.0,11.0,22.0,11.0,22.0,11.0,22.0,11.0,22.0,1,0,1,1,1,1,1
4.7,146,1,11.0,22.0,11.0,22.0,11.0,22.0,11.0,22.0,11.0,22.0,11.0,22.0,11.0,21.0,1,1,1,1,1,1,1
4.4,117,1,11.0,22.0,11.0,22.0,11.0,22.0,11.0,22.0,11.0,22.0,11.0,22.0,11.0,22.0,1,0,1,1,1,1,1
3.7,98,1,10.0,22.0,10.0,22.0,10.0,22.0,10.0,22.0,11.0,23.0,11.0,23.0,12.0,22.0,1,1,1,1,1,1,1
3.8,38,2,11.0,21.0,11.0,21.0,11.0,21.0,11.0,21.0,11.0,22.0,11.0,22.0,11.0,21.0,1,0,1,0,0,0,0
4.1,75,1,11.0,23.0,11.0,23.0,11.0,23.0,11.0,23.0,11.0,23.0,11.0,23.0,11.0,23.0,1,0,1,1,1,1,1
4.1,128,1,11.0,20.0,11.0,20.0,11.0,20.0,11.0,20.0,11.0,21.0,11.0,21.0,11.0,20.0,1,1,1,1,1,1,1
4.1,13,3,11.0,18.0,11.0,18.0,11.0,18.0,11.0,18.0,11.0,18.0,11.0,18.0,11.0,18.0,1,0,1,1,1,1,1
4.4,156,1,10.0,20.0,10.0,20.0,10.0,20.0,10.0,21.0,10.0,21.0,10.0,21.0,11.0,20.0,1,0,1,1,1,1,1
3.4,28,2,4.0,0.0,4.0,0.0,4.0,0.0,4.0,0.0,4.0,0.0,4.0,0.0,4.0,0.0,0,0,0,0,0,0,0
4.6,104,1,11.0,22.0,11.0,22.0,11.0,22.0,11.0,22.0,11.0,22.0,11.0,22.0,11.0,22.0,1,1,1,1,1,1,1
4.0,64,2,10.0,23.0,10.0,23.0,10.0,23.0,10.0,23.0,10.0,3.0,10.0,3.0,10.0,3.0,1,1,1,1,1,1,1
3.9,68,1,11.0,23.0,11.0,23.0,11.0,23.0,11.0,23.0,11.0,0.0,11.0,0.0,11.0,23.0,1,1,1,1,1,1,1
4.3,88,1,11.0,22.0,11.0,22.0,11.0,22.0,11.0,22.0,11.0,22.0,11.0,22.0,11.0,22.0,1,0,1,0,0,0,0
4.4,151,1,11.0,21.0,11.0,15.0,11.0,21.0,11.0,21.0,11.0,21.0,12.0,21.0,16.0,21.0,1,0,1,1,1,1,1
4.5,117,2,11.0,21.0,11.0,21.0,11.0,21.0,11.0,21.0,11.0,22.0,23.0,0.0,0.0,22.0,1,1,1,1,0,0,0
4.3,28,1,16.0,22.0,16.0,22.0,16.0,22.0,16.0,22.0,16.0,23.0,11.0,23.0,11.0,21.0,1,0,1,1,1,1,1
3.7,68,2,11.0,22.0,11.0,22.0,11.0,22.0,11.0,22.0,11.0,22.0,11.0,22.0,11.0,22.0,1,0,1,0,0,0,0
4.4,193,1,11.0,21.0,11.0,21.0,11.0,21.0,11.0,21.0,11.0,21.0,11.0,21.0,11.0,21.0,1,0,1,1,1,0,0
4.3,88,1,11.0,22.0,11.0,22.0,11.0,22.0,11.0,22.0,11.0,23.0,11.0,23.0,11.0,22.0,1,0,1,1,1,1,1
4.4,68,1,11.0,22.0,11.0,22.0,11.0,22.0,11.0,22.0,11.0,22.0,11.0,22.0,12.0,21.0,1,1,1,1,1,1,1
4.1,58,2,10.0,21.0,10.0,21.0,10.0,21.0,10.0,21.0,10.0,21.0,10.0,21.0,10.0,21.0,1,1,1,1,1,1,1
4.0,118,2,12.0,23.0,12.0,23.0,12.0,23.0,12.0,23.0,12.0,23.0,12.0,23.0,12.0,23.0,1,0,1,1,0,0,0
3.5,28,2,11.0,22.0,11.0,22.0,11.0,22.0,11.0,22.0,11.0,22.0,11.0,22.0,11.0,22.0,1,0,1,1,1,1,1
4.3,78,1,10.0,21.0,10.0,21.0,10.0,21.0,10.0,21.0,10.0,21.0,10.0,21.0,10.0,21.0,1,1,1,1,1,1,1
3.7,58,1,11.0,0.0,11.0,0.0,11.0,0.0,11.0,0.0,11.0,3.0,11.0,3.0,12.0,23.0,1,0,1,1,0,0,0
4.2,95,1,16.0,21.0,16.0,21.0,16.0,21.0,16.0,21.0,16.0,22.0,11.0,22.0,15.0,21.0,1,0,1,1,1,1,1
4.4,38,2,11.0,0.0,11.0,2.0,11.0,2.0,11.0,2.0,11.0,4.0,11.0,4.0,11.0,0.0,1,0,0,0,0,1,1
4.3,98,1,10.0,22.0,10.0,22.0,10.0,22.0,10.0,22.0,10.0,22.0,10.0,22.0,12.0,21.0,1,1,1,1,1,1,1
4.0,138,1,11.0,22.0,11.0,22.0,11.0,22.0,11.0,22.0,10.0,23.0,10.0,23.0,10.0,21.0,1,1,1,1,1,1,1
3.6,88,1,11.0,23.0,11.0,23.0,11.0,23.0,11.0,23.0,11.0,0.0,11.0,0.0,11.0,23.0,1,0,1,1,1,1,1
4.1,48,1,11.0,23.0,11.0,23.0,11.0,23.0,11.0,23.0,11.0,23.0,11.0,23.0,11.0,23.0,1,0,0,1,1,0,1
4.4,108,1,11.0,22.0,11.0,22.0,11.0,22.0,11.0,22.0,11.0,22.0,11.0,22.0,11.0,22.0,1,0,1,1,1,1,1
4.5,48,1,10.0,19.0,10.0,22.0,10.0,22.0,10.0,22.0,10.0,22.0,10.0,22.0,12.0,21.0,1,1,1,1,1,1,1
2.7,78,1,10.0,0.0,10.0,0.0,10.0,0.0,10.0,0.0,10.0,1.0,10.0,1.0,10.0,0.0,1,1,1,0,0,0,0
4.8,48,1,11.0,20.0,11.0,21.0,11.0,21.0,11.0,21.0,11.0,21.0,11.0,21.0,14.0,21.0,1,1,1,1,1,1,1
4.2,196,1,11.0,22.0,11.0,22.0,11.0,22.0,11.0,22.0,11.0,22.0,11.0,23.0,11.0,23.0,1,0,1,1,1,1,1
4.5,72,1,16.0,22.0,16.0,22.0,16.0,22.0,16.0,22.0,11.0,23.0,11.0,23.0,13.0,22.0,1,0,1,1,1,1,1
3.9,38,1,11.0,22.0,11.0,22.0,11.0,22.0,11.0,22.0,11.0,23.0,11.0,23.0,11.0,22.0,1,0,1,1,0,0,0
4.3,28,1,11.0,0.0,11.0,0.0,11.0,0.0,11.0,0.0,10.0,2.0,10.0,2.0,11.0,23.0,1,1,1,1,0,0,0
4.2,93,1,11.0,22.0,11.0,22.0,11.0,22.0,11.0,22.0,11.0,22.0,11.0,22.0,11.0,22.0,1,1,1,1,1,1,1
3.6,78,1,10.0,0.0,10.0,0.0,10.0,0.0,10.0,0.0,10.0,0.0,10.0,0.0,10.0,0.0,1,0,0,0,0,0,0
4.1,118,1,11.0,22.0,11.0,22.0,11.0,22.0,11.0,22.0,11.0,23.0,11.0,23.0,14.0,22.0,1,1,1,1,1,1,1
4.7,124,2,11.0,22.0,11.0,22.0,11.0,22.0,11.0,22.0,11.0,22.0,11.0,22.0,11.0,21.0,1,1,1,1,1,1,1
3.7,138,1,10.0,23.0,10.0,23.0,10.0,23.0,10.0,23.0,10.0,0.0,10.0,0.0,10.0,22.0,1,0,1,1,0,0,0
4.1,155,1,11.0,20.0,11.0,20.0,11.0,20.0,11.0,20.0,11.0,21.0,11.0,21.0,11.0,20.0,1,1,1,0,1,1,1
3.3,55,1,11.0,1.0,11.0,1.0,11.0,1.0,11.0,1.0,11.0,2.0,11.0,2.0,11.0,1.0,1,1,1,1,1,0,1
4.3,728,2,11.0,22.0,11.0,22.0,11.0,22.0,11.0,22.0,11.0,22.0,11.0,22.0,11.0,22.0,1,1,0,1,1,1,1
4.2,198,1,11.0,22.0,11.0,22.0,11.0,22.0,11.0,22.0,11.0,22.0,11.0,22.0,11.0,22.0,1,0,0,1,1,1,1
4.4,428,2,11.0,22.0,11.0,22.0,11.0,22.0,11.0,22.0,11.0,22.0,11.0,22.0,11.0,22.0,1,1,0,1,1,1,1
4.4,148,1,11.0,21.0,11.0,21.0,11.0,21.0,11.0,21.0,11.0,22.0,11.0,22.0,11.0,21.0,1,0,1,1,1,1,1
4.0,258,1,10.0,22.0,10.0,22.0,10.0,22.0,10.0,22.0,10.0,23.0,10.0,23.0,10.0,22.0,1,1,0,1,1,0,0
4.4,103,2,11.0,21.0,11.0,21.0,11.0,21.0,11.0,21.0,11.0,22.0,11.0,22.0,12.0,20.0,1,0,0,1,0,0,0
4.0,57,1,11.0,21.0,11.0,21.0,11.0,21.0,11.0,21.0,11.0,21.0,11.0,21.0,11.0,21.0,1,1,1,1,1,1,1
4.6,116,2,11.0,22.0,11.0,22.0,11.0,22.0,11.0,22.0,11.0,22.0,11.0,22.0,11.0,22.0,1,1,1,1,1,1,1
4.3,48,1,11.0,2.0,11.0,2.0,11.0,2.0,11.0,2.0,11.0,2.0,11.0,2.0,12.0,20.0,1,0,0,0,0,0,0
4.4,48,1,11.0,22.0,11.0,22.0,11.0,22.0,11.0,22.0,11.0,23.0,11.0,23.0,12.0,22.0,1,0,0,1,0,0,0
3.1,106,1,11.0,0.0,11.0,0.0,11.0,0.0,11.0,0.0,11.0,2.0,11.0,2.0,11.0,0.0,1,0,1,0,0,0,0
4.4,104,2,11.0,23.0,11.0,23.0,11.0,23.0,11.0,23.0,11.0,23.0,11.0,23.0,12.0,22.0,1,0,1,1,1,1,1
4.3,166,1,11.0,1.0,11.0,1.0,11.0,1.0,11.0,1.0,11.0,2.0,11.0,2.0,11.0,1.0,1,1,1,0,0,0,0
4.3,216,2,11.0,22.0,11.0,22.0,11.0,22.0,11.0,22.0,11.0,22.0,11.0,22.0,12.0,22.0,1,1,1,1,1,1,1
3.7,38,2,11.0,22.0,11.0,22.0,11.0,22.0,11.0,22.0,11.0,22.0,11.0,22.0,11.0,22.0,1,0,0,1,0,0,0
3.9,46,1,11.0,22.0,11.0,22.0,11.0,22.0,11.0,22.0,11.0,22.0,11.0,22.0,12.0,21.0,1,0,0,1,0,0,0
4.0,58,1,11.0,21.0,11.0,21.0,11.0,21.0,11.0,21.0,11.0,21.0,11.0,21.0,11.0,21.0,1,0,1,1,1,1,1
4.4,165,1,11.0,21.0,11.0,22.0,11.0,22.0,11.0,22.0,11.0,23.0,11.0,22.0,12.0,21.0,0,1,1,1,1,1,1
3.7,104,1,11.0,22.0,11.0,22.0,11.0,22.0,11.0,22.0,11.0,22.0,11.0,22.0,11.0,22.0,1,1,1,1,1,1,1
4.0,77,2,9.0,23.0,9.0,23.0,9.0,23.0,9.0,23.0,9.0,23.0,9.0,23.0,9.0,23.0,1,0,1,1,1,1,1
4.2,176,1,10.0,21.0,10.0,21.0,10.0,21.0,10.0,21.0,10.0,21.0,10.0,21.0,12.0,21.0,1,1,0,1,1,1,1
4.6,428,2,11.0,22.0,11.0,22.0,11.0,22.0,11.0,22.0,11.0,22.0,11.0,22.0,12.0,22.0,0,1,0,1,1,1,1
3.6,270,1,10.0,1.0,10.0,1.0,10.0,1.0,10.0,3.0,10.0,3.0,10.0,3.0,10.0,1.0,1,0,1,0,0,0,0
4.3,348,1,11.0,22.0,11.0,22.0,11.0,22.0,11.0,22.0,11.0,23.0,11.0,22.0,12.0,21.0,1,0,0,1,1,1,1
3.8,58,1,11.0,22.0,11.0,22.0,11.0,22.0,11.0,22.0,11.0,23.0,11.0,23.0,13.0,22.0,1,1,1,1,1,1,1
4.2,65,1,10.0,22.0,10.0,22.0,10.0,22.0,10.0,22.0,10.0,23.0,10.0,23.0,11.0,22.0,1,1,1,1,1,1,1
4.6,128,1,10.0,22.0,10.0,22.0,10.0,22.0,10.0,22.0,10.0,22.0,10.0,22.0,12.0,21.0,1,1,1,1,1,1,1
4.1,37,1,11.0,2.0,11.0,2.0,11.0,2.0,11.0,2.0,11.0,2.0,11.0,2.0,14.0,21.0,1,1,1,1,1,1,1
4.1,27,1,11.0,20.0,11.0,20.0,11.0,20.0,11.0,20.0,11.0,20.0,11.0,20.0,11.0,20.0,1,0,1,1,1,0,1
4.1,156,2,6.0,23.0,6.0,23.0,6.0,23.0,6.0,23.0,6.0,23.0,6.0,23.0,6.0,22.0,1,0,1,1,1,1,1
3.4,28,2,10.0,23.0,10.0,23.0,10.0,23.0,10.0,23.0,10.0,0.0,10.0,0.0,11.0,23.0,1,0,0,1,0,0,0
4.5,37,1,11.0,22.0,11.0,22.0,11.0,22.0,11.0,22.0,11.0,22.0,11.0,22.0,12.0,21.0,1,1,1,1,1,1,1
4.0,98,1,10.0,21.0,10.0,21.0,10.0,21.0,10.0,21.0,10.0,21.0,10.0,21.0,10.0,21.0,1,0,1,1,1,1,1
3.9,288,1,11.0,23.0,11.0,23.0,11.0,23.0,11.0,23.0,11.0,0.0,11.0,0.0,11.0,23.0,1,0,1,1,1,0,0
4.1,128,1,10.0,22.0,10.0,22.0,10.0,22.0,10.0,22.0,10.0,23.0,10.0,23.0,10.0,21.0,1,1,1,1,1,1,1
3.7,108,1,10.0,0.0,10.0,0.0,10.0,0.0,10.0,0.0,10.0,1.0,10.0,1.0,22.0,0.0,1,0,1,0,0,0,0
4.1,68,1,14.0,21.0,14.0,21.0,11.0,21.0,11.0,21.0,11.0,21.0,11.0,21.0,11.0,21.0,1,1,0,1,1,0,0
4.2,78,1,11.0,22.0,11.0,22.0,11.0,22.0,11.0,22.0,11.0,23.0,11.0,23.0,11.0,22.0,1,1,1,1,1,1,1
4.5,107,1,11.0,21.0,11.0,21.0,11.0,21.0,11.0,21.0,11.0,21.0,11.0,21.0,11.0,21.0,1,1,1,1,1,1,1
4.4,48,1,12.0,19.0,10.0,22.0,10.0,22.0,10.0,22.0,10.0,22.0,10.0,22.0,12.0,19.0,1,1,1,1,1,1,1
4.0,58,2,7.0,21.0,7.0,21.0,7.0,21.0,7.0,21.0,7.0,21.0,7.0,21.0,7.0,21.0,1,1,1,1,1,1,1
4.3,438,1,11.0,22.0,11.0,22.0,11.0,22.0,11.0,22.0,11.0,23.0,11.0,23.0,12.0,21.0,1,1,1,1,1,1,1
4.3,37,1,11.0,21.0,11.0,21.0,11.0,21.0,11.0,21.0,11.0,22.0,11.0,22.0,16.0,21.0,1,1,1,1,1,1,1
4.6,176,1,11.0,22.0,11.0,22.0,11.0,22.0,11.0,22.0,11.0,22.0,11.0,22.0,12.0,21.0,1,1,1,1,1,1,1
4.5,124,1,8.0,0.0,8.0,0.0,8.0,0.0,8.0,0.0,8.0,0.0,8.0,0.0,8.0,23.0,1,0,0,0,0,0,0
4.1,28,1,5.0,0.0,5.0,0.0,5.0,0.0,5.0,0.0,5.0,0.0,5.0,0.0,5.0,0.0,0,0,0,0,0,0,0
4.5,528,2,9.0,22.0,9.0,22.0,9.0,22.0,9.0,22.0,9.0,22.0,9.0,22.0,9.0,22.0,1,1,1,1,1,1,1
3.5,222,1,10.0,0.0,10.0,0.0,10.0,0.0,10.0,0.0,10.0,2.0,10.0,2.0,10.0,0.0,1,1,1,0,0,0,0
4.0,258,2,10.0,22.0,10.0,22.0,10.0,22.0,10.0,22.0,10.0,22.0,10.0,22.0,12.0,21.0,1,1,1,1,1,1,1
4.3,68,2,11.0,21.0,11.0,21.0,11.0,21.0,11.0,21.0,11.0,21.0,11.0,21.0,11.0,20.0,1,1,1,1,1,1,1
4.1,131,2,11.0,20.0,11.0,20.0,11.0,20.0,11.0,20.0,11.0,21.0,11.0,21.0,12.0,20.0,1,0,1,1,1,1,1
3.7,48,1,11.0,22.0,11.0,22.0,11.0,22.0,11.0,22.0,11.0,23.0,11.0,23.0,12.0,22.0,1,0,1,1,0,0,0
4.1,98,1,10.0,22.0,10.0,22.0,10.0,22.0,10.0,22.0,10.0,22.0,10.0,22.0,10.0,22.0,1,1,1,1,1,1,1
3.9,23,1,11.0,21.0,11.0,21.0,11.0,21.0,11.0,21.0,11.0,21.0,11.0,21.0,12.0,21.0,1,0,1,1,0,0,0
4.3,50,1,10.0,22.0,10.0,22.0,10.0,22.0,10.0,22.0,10.0,22.0,10.0,22.0,10.0,22.0,1,1,1,1,1,1,1
3.5,18,2,11.0,22.0,11.0,22.0,11.0,22.0,11.0,22.0,11.0,22.0,11.0,22.0,11.0,22.0,1,0,0,0,1,0,0
4.1,38,1,11.0,0.0,11.0,0.0,11.0,0.0,11.0,0.0,11.0,0.0,11.0,0.0,11.0,0.0,1,0,1,1,1,1,1
4.5,100,1,11.0,22.0,11.0,22.0,11.0,22.0,11.0,22.0,11.0,22.0,11.0,22.0,12.0,21.0,1,1,1,1,1,1,1
3.7,104,2,10.0,22.0,10.0,22.0,10.0,22.0,10.0,22.0,10.0,23.0,10.0,23.0,11.0,21.0,1,0,1,1,1,1,1
3.4,136,1,11.0,22.0,11.0,22.0,11.0,22.0,11.0,22.0,11.0,23.0,11.0,23.0,11.0,22.0,1,1,1,1,1,1,1
4.0,94,2,11.0,22.0,11.0,22.0,11.0,22.0,11.0,22.0,11.0,22.0,11.0,22.0,11.0,22.0,0,0,0,1,0,0,0
4.6,125,2,11.0,21.0,11.0,21.0,11.0,21.0,11.0,21.0,11.0,21.0,11.0,21.0,11.0,21.0,1,1,1,1,1,1,1
3.1,49,2,10.0,22.0,10.0,22.0,10.0,22.0,10.0,22.0,10.0,22.0,10.0,22.0,10.0,22.0,1,1,1,1,1,1,1
4.1,245,1,11.0,22.0,11.0,22.0,11.0,22.0,11.0,22.0,11.0,22.0,11.0,22.0,12.0,21.0,1,1,1,1,1,1,1
4.3,91,1,11.0,23.0,11.0,23.0,11.0,23.0,11.0,23.0,11.0,23.0,11.0,23.0,11.0,23.0,1,0,1,1,1,1,1
3.8,74,2,11.0,22.0,11.0,22.0,11.0,22.0,11.0,22.0,11.0,22.0,11.0,22.0,11.0,22.0,1,0,1,1,1,1,1
4.5,58,1,11.0,21.0,11.0,21.0,11.0,21.0,11.0,21.0,11.0,21.0,11.0,21.0,11.0,21.0,1,1,1,1,1,1,1
4.4,408,2,12.0,21.0,12.0,21.0,12.0,21.0,12.0,21.0,11.0,22.0,11.0,22.0,12.0,21.0,1,1,1,1,1,1,1
4.6,23,1,16.0,23.0,16.0,23.0,16.0,23.0,16.0,23.0,16.0,0.0,16.0,0.0,16.0,0.0,1,0,1,1,1,1,0
3.7,38,2,11.0,22.0,11.0,22.0,11.0,23.0,11.0,23.0,11.0,23.0,11.0,23.0,11.0,22.0,1,0,0,1,0,0,0
4.3,98,2,11.0,21.0,11.0,21.0,11.0,21.0,11.0,21.0,11.0,22.0,11.0,22.0,11.0,21.0,1,1,1,1,1,1,1
4.4,64,2,11.0,22.0,11.0,22.0,11.0,22.0,11.0,22.0,11.0,22.0,11.0,22.0,11.0,22.0,1,0,1,1,1,1,1
4.3,53,1,11.0,22.0,11.0,22.0,11.0,22.0,11.0,22.0,11.0,22.0,11.0,22.0,11.0,22.0,1,1,1,1,1,1,1
4.1,227,1,11.0,22.0,11.0,22.0,11.0,22.0,11.0,22.0,11.0,23.0,12.0,23.0,12.0,21.0,1,0,1,1,1,1,1
4.5,647,2,12.0,23.0,12.0,23.0,12.0,23.0,12.0,23.0,12.0,0.0,11.0,0.0,11.0,22.0,1,1,1,1,1,1,1
4.3,284,2,11.0,23.0,11.0,23.0,11.0,23.0,11.0,23.0,11.0,0.0,11.0,0.0,11.0,0.0,1,1,1,0,0,0,0
3.2,258,1,10.0,0.0,10.0,0.0,10.0,0.0,10.0,0.0,10.0,1.0,10.0,1.0,10.0,0.0,1,0,1,0,0,0,0
3.7,278,1,11.0,22.0,11.0,22.0,11.0,22.0,11.0,22.0,11.0,23.0,11.0,23.0,11.0,22.0,1,1,1,0,0,0,0
4.8,2208,1,11.0,19.0,11.0,19.0,11.0,19.0,11.0,19.0,11.0,20.0,11.0,20.0,11.0,18.0,1,1,0,1,1,1,1
4.0,73,1,16.0,22.0,11.0,22.0,11.0,22.0,11.0,22.0,11.0,23.0,16.0,23.0,16.0,22.0,1,0,1,1,1,1,1
3.9,107,2,11.0,0.0,11.0,0.0,11.0,0.0,11.0,0.0,11.0,1.0,11.0,1.0,11.0,0.0,1,0,1,1,1,1,1
4.6,68,2,8.0,18.0,8.0,18.0,8.0,18.0,8.0,20.0,7.0,20.0,8.0,18.0,8.0,17.0,1,0,0,1,0,0,0
3.9,38,1,11.0,21.0,11.0,21.0,11.0,21.0,11.0,21.0,11.0,22.0,11.0,22.0,11.0,21.0,1,0,1,1,0,0,0
3.3,54,2,11.0,22.0,11.0,22.0,11.0,22.0,11.0,22.0,11.0,23.0,11.0,23.0,11.0,22.0,1,0,1,1,0,0,0
4.7,48,1,10.0,22.0,10.0,22.0,10.0,22.0,10.0,22.0,10.0,23.0,10.0,23.0,11.0,21.0,1,1,1,1,1,1,1
4.3,63,2,11.0,20.0,11.0,20.0,11.0,20.0,11.0,20.0,11.0,21.0,11.0,21.0,12.0,20.0,1,1,1,1,1,1,1
4.2,93,2,11.0,21.0,11.0,21.0,11.0,21.0,11.0,21.0,11.0,21.0,11.0,21.0,11.0,20.0,1,1,1,1,1,1,1
4.1,138,1,6.0,22.0,6.0,22.0,6.0,22.0,6.0,22.0,6.0,22.0,6.0,22.0,7.0,21.0,1,1,1,1,1,1,1
4.6,1154,2,18.0,22.0,18.0,22.0,18.0,22.0,18.0,22.0,18.0,22.0,17.0,22.0,17.0,22.0,1,1,0,0,1,1,0
3.8,166,1,10.0,1.0,10.0,1.0,10.0,1.0,10.0,1.0,10.0,2.0,10.0,2.0,10.0,1.0,1,0,1,0,0,0,0
4.0,204,1,11.0,21.0,11.0,21.0,11.0,21.0,11.0,21.0,11.0,22.0,11.0,22.0,12.0,20.0,1,0,0,1,1,1,1
3.9,207,1,16.0,21.0,11.0,21.0,11.0,21.0,11.0,21.0,11.0,21.0,11.0,21.0,16.0,21.0,1,1,1,1,1,1,1
3.7,48,1,10.0,22.0,10.0,22.0,10.0,22.0,10.0,22.0,10.0,22.0,10.0,22.0,11.0,21.0,1,0,1,1,1,1,1
4.2,224,2,11.0,22.0,11.0,22.0,11.0,22.0,11.0,22.0,11.0,22.0,12.0,22.0,12.0,21.0,1,1,0,1,1,1,1
3.9,130,1,7.0,22.0,7.0,22.0,7.0,22.0,7.0,22.0,7.0,22.0,7.0,22.0,8.0,21.0,1,1,1,1,1,1,1
4.6,77,1,12.0,2.0,12.0,2.0,12.0,2.0,12.0,2.0,12.0,2.0,12.0,2.0,12.0,2.0,1,1,1,0,1,1,1
3.5,18,1,11.0,22.0,11.0,22.0,11.0,22.0,11.0,22.0,11.0,23.0,11.0,22.0,11.0,21.0,1,0,0,1,0,0,0
4.2,168,2,10.0,22.0,10.0,22.0,10.0,22.0,10.0,22.0,10.0,23.0,10.0,23.0,11.0,22.0,1,0,1,1,1,1,1
4.4,1152,1,6.0,0.0,6.0,0.0,6.0,0.0,6.0,0.0,6.0,0.0,6.0,0.0,6.0,0.0,1,0,0,1,0,0,0
4.2,207,1,11.0,21.0,11.0,21.0,11.0,21.0,11.0,21.0,11.0,22.0,11.0,22.0,12.0,20.0,1,1,1,1,1,1,1
4.1,28,2,16.0,20.0,16.0,20.0,16.0,20.0,16.0,20.0,16.0,20.0,16.0,20.0,16.0,20.0,0,0,1,1,1,1,1
4.2,185,2,11.0,21.0,11.0,21.0,11.0,21.0,11.0,21.0,11.0,21.0,11.0,21.0,11.0,21.0,1,0,0,1,1,1,1
4.6,4362,1,10.0,0.0,10.0,0.0,10.0,0.0,10.0,0.0,10.0,1.0,10.0,1.0,10.0,0.0,1,0,0,1,1,1,1
4.6,1367,1,11.0,21.0,11.0,21.0,11.0,21.0,11.0,21.0,11.0,22.0,11.0,22.0,11.0,21.0,1,1,0,1,1,1,1
4.2,108,1,11.0,23.0,11.0,23.0,11.0,23.0,11.0,23.0,11.0,23.0,11.0,23.0,12.0,22.0,1,1,1,1,1,1,1
4.6,145,1,11.0,21.0,11.0,21.0,11.0,21.0,11.0,21.0,11.0,21.0,11.0,21.0,14.0,20.0,1,1,1,1,1,1,1
4.7,57,2,11.0,22.0,11.0,22.0,11.0,22.0,11.0,22.0,11.0,23.0,11.0,23.0,11.0,21.0,1,1,1,1,1,1,1
4.1,178,1,15.0,21.0,9.0,22.0,9.0,22.0,9.0,22.0,9.0,22.0,9.0,22.0,10.0,21.0,1,1,1,1,1,1,1
4.3,96,2,10.0,22.0,10.0,22.0,10.0,22.0,10.0,22.0,10.0,23.0,10.0,23.0,11.0,22.0,1,0,1,1,1,1,1
3.6,84,1,12.0,21.0,12.0,21.0,12.0,21.0,12.0,21.0,12.0,21.0,12.0,21.0,12.0,21.0,1,1,1,1,1,1,1
4.3,188,1,11.0,22.0,11.0,22.0,11.0,22.0,11.0,22.0,11.0,22.0,11.0,22.0,12.0,22.0,1,1,1,1,1,1,1
4.2,228,2,16.0,22.0,16.0,22.0,16.0,22.0,16.0,22.0,16.0,0.0,16.0,0.0,16.0,22.0,1,0,1,0,1,1,0
4.3,93,2,11.0,22.0,11.0,22.0,11.0,22.0,11.0,22.0,11.0,22.0,11.0,22.0,11.0,22.0,1,1,1,1,1,1,1
2.6,17,1,11.0,22.0,11.0,22.0,11.0,22.0,11.0,22.0,11.0,23.0,11.0,23.0,11.0,22.0,1,0,0,0,0,0,0
4.5,102,1,11.0,22.0,11.0,22.0,11.0,22.0,11.0,22.0,11.0,23.0,11.0,23.0,12.0,22.0,1,1,1,1,1,1,1
3.7,65,1,11.0,1.0,11.0,1.0,11.0,1.0,11.0,2.0,11.0,3.0,11.0,3.0,11.0,1.0,1,0,1,0,0,0,0
4.3,93,2,11.0,22.0,11.0,22.0,11.0,22.0,11.0,22.0,11.0,23.0,11.0,23.0,11.0,22.0,1,0,1,0,0,0,0
4.4,117,1,11.0,21.0,11.0,21.0,11.0,21.0,11.0,21.0,11.0,21.0,11.0,21.0,11.0,21.0,1,1,1,1,1,1,1
4.7,136,1,10.0,22.0,10.0,22.0,10.0,22.0,10.0,22.0,10.0,22.0,10.0,22.0,10.0,22.0,1,0,0,1,1,1,1
4.4,58,1,6.0,20.0,6.0,20.0,6.0,20.0,6.0,20.0,6.0,20.0,6.0,20.0,6.0,20.0,0,0,1,1,1,1,1
4.3,106,1,16.0,22.0,16.0,22.0,16.0,22.0,16.0,22.0,16.0,23.0,11.0,23.0,16.0,22.0,1,1,1,1,1,1,1
4.5,197,1,11.0,22.0,11.0,22.0,11.0,22.0,11.0,22.0,11.0,22.0,11.0,22.0,11.0,22.0,1,1,1,1,1,1,1
4.5,128,1,11.0,22.0,11.0,22.0,11.0,22.0,11.0,22.0,11.0,22.0,11.0,22.0,12.0,21.0,1,1,1,1,1,1,1
4.5,128,1,11.0,22.0,11.0,22.0,11.0,22.0,11.0,22.0,11.0,23.0,11.0,23.0,11.0,22.0,1,1,0,1,1,1,1
4.4,134,1,11.0,21.0,11.0,21.0,11.0,21.0,11.0,21.0,11.0,21.0,11.0,21.0,11.0,20.0,1,1,1,1,1,1,1
4.5,88,2,12.0,20.0,12.0,20.0,12.0,20.0,12.0,20.0,12.0,21.0,12.0,21.0,12.0,20.0,1,1,1,1,1,1,1
4.3,198,1,11.0,21.0,11.0,21.0,11.0,22.0,11.0,22.0,11.0,23.0,11.0,23.0,11.0,21.0,1,1,1,1,1,1,1
4.1,184,1,11.0,22.0,11.0,22.0,11.0,22.0,11.0,22.0,11.0,22.0,11.0,22.0,12.0,21.0,1,1,0,1,1,1,1
4.5,128,1,11.0,20.0,11.0,20.0,11.0,20.0,11.0,20.0,11.0,20.0,11.0,20.0,11.0,20.0,1,1,1,1,1,1,1
4.1,128,1,11.0,22.0,11.0,22.0,11.0,22.0,11.0,22.0,11.0,23.0,11.0,23.0,12.0,22.0,1,0,1,1,1,1,1
4.2,38,1,11.0,21.0,11.0,21.0,11.0,22.0,11.0,22.0,11.0,23.0,11.0,23.0,12.0,21.0,1,0,0,1,0,0,0
4.5,1348,2,11.0,21.0,11.0,21.0,11.0,21.0,11.0,21.0,11.0,22.0,11.0,22.0,11.0,21.0,1,1,0,1,1,1,1
4.1,55,1,9.0,22.0,9.0,22.0,9.0,22.0,9.0,22.0,7.0,22.0,7.0,22.0,7.0,22.0,1,0,0,1,1,1,1
3.5,88,1,10.0,0.0,10.0,0.0,10.0,0.0,10.0,0.0,10.0,1.0,10.0,1.0,10.0,0.0,1,0,1,0,0,0,0
4.3,328,2,10.0,22.0,10.0,22.0,10.0,22.0,10.0,22.0,10.0,23.0,10.0,23.0,10.0,22.0,1,1,0,1,1,1,1
4.4,95,1,11.0,21.0,11.0,21.0,11.0,21.0,11.0,21.0,11.0,21.0,11.0,21.0,12.0,20.0,1,1,1,1,1,1,1
4.3,137,2,11.0,22.0,11.0,22.0,11.0,22.0,11.0,22.0,11.0,22.0,11.0,22.0,11.0,21.0,1,0,1,1,1,1,1
4.3,238,2,10.0,22.0,10.0,22.0,10.0,22.0,10.0,22.0,10.0,22.0,10.0,22.0,10.0,22.0,1,1,0,1,1,1,1
4.3,608,1,11.0,21.0,11.0,21.0,11.0,21.0,11.0,21.0,11.0,21.0,11.0,21.0,11.0,20.0,1,1,0,1,1,1,1
3.7,48,1,11.0,23.0,11.0,23.0,11.0,23.0,11.0,23.0,11.0,0.0,11.0,0.0,11.0,22.0,1,0,0,1,0,0,0
4.3,224,1,11.0,22.0,11.0,22.0,11.0,22.0,11.0,22.0,11.0,23.0,11.0,22.0,12.0,22.0,1,0,1,1,1,1,1
3.8,68,1,11.0,21.0,11.0,21.0,11.0,21.0,11.0,21.0,11.0,22.0,11.0,22.0,11.0,21.0,1,1,1,1,1,1,1
4.1,48,2,16.0,22.0,16.0,22.0,16.0,22.0,16.0,23.0,16.0,23.0,16.0,23.0,16.0,22.0,1,0,0,0,1,1,1
4.1,78,1,11.0,21.0,11.0,21.0,11.0,21.0,11.0,21.0,11.0,21.0,11.0,21.0,11.0,21.0,1,0,1,1,1,1,1
4.4,68,1,8.0,22.0,8.0,22.0,8.0,22.0,8.0,22.0,8.0,22.0,8.0,22.0,8.0,22.0,1,0,1,1,1,1,1
4.0,38,2,10.0,22.0,10.0,22.0,10.0,22.0,10.0,0.0,10.0,0.0,10.0,0.0,10.0,22.0,1,0,1,1,1,1,1
4.3,148,2,16.0,20.0,16.0,20.0,16.0,20.0,16.0,20.0,16.0,21.0,16.0,21.0,16.0,20.0,1,1,1,1,1,1,0
4.2,58,1,11.0,21.0,11.0,21.0,11.0,21.0,11.0,21.0,11.0,21.0,11.0,21.0,11.0,20.0,1,1,1,1,1,1,1
3.7,168,1,11.0,1.0,11.0,1.0,11.0,1.0,11.0,1.0,11.0,1.0,11.0,1.0,11.0,1.0,1,1,1,1,1,1,1
3.9,178,2,11.0,21.0,11.0,21.0,11.0,21.0,11.0,21.0,11.0,22.0,11.0,22.0,11.0,21.0,1,1,1,1,1,1,1
3.3,107,2,11.0,23.0,11.0,23.0,11.0,23.0,11.0,23.0,11.0,23.0,11.0,0.0,12.0,22.0,1,0,1,1,0,0,0
4.5,217,1,11.0,22.0,11.0,22.0,11.0,22.0,11.0,22.0,11.0,23.0,11.0,23.0,12.0,21.0,1,0,1,1,1,1,1
3.3,148,1,11.0,3.0,11.0,3.0,11.0,3.0,11.0,3.0,11.0,3.0,11.0,3.0,11.0,3.0,1,0,1,0,1,0,0
4.1,168,1,11.0,22.0,11.0,22.0,11.0,22.0,11.0,22.0,11.0,22.0,11.0,22.0,11.0,22.0,0,1,1,1,1,1,1
4.3,108,1,10.0,22.0,10.0,22.0,10.0,22.0,10.0,22.0,10.0,22.0,10.0,22.0,10.0,22.0,1,0,1,1,1,1,1
3.7,96,1,10.0,22.0,10.0,22.0,10.0,22.0,10.0,22.0,10.0,22.0,10.0,22.0,10.0,22.0,1,0,1,1,1,1,1
4.1,115,1,11.0,22.0,11.0,22.0,11.0,22.0,11.0,22.0,11.0,23.0,11.0,23.0,11.0,22.0,1,1,1,1,1,1,1
4.5,143,1,11.0,23.0,11.0,23.0,11.0,23.0,11.0,23.0,11.0,12.0,11.0,12.0,12.0,23.0,1,1,1,1,1,1,1
4.4,37,1,11.0,21.0,11.0,21.0,11.0,21.0,11.0,21.0,11.0,21.0,11.0,21.0,11.0,21.0,1,1,1,1,1,1,1
4.2,68,1,11.0,21.0,11.0,21.0,11.0,21.0,11.0,21.0,11.0,21.0,11.0,21.0,11.0,21.0,1,1,1,1,1,1,1
4.3,48,1,11.0,22.0,11.0,22.0,11.0,22.0,11.0,22.0,11.0,23.0,12.0,23.0,12.0,22.0,1,1,1,1,1,1,1
4.0,158,1,11.0,0.0,11.0,0.0,11.0,0.0,11.0,0.0,11.0,1.0,11.0,1.0,11.0,23.0,1,1,1,1,1,1,1
4.6,154,1,11.0,22.0,11.0,22.0,11.0,22.0,11.0,22.0,11.0,22.0,11.0,22.0,12.0,22.0,1,0,1,1,1,1,1
4.3,143,2,11.0,22.0,11.0,22.0,11.0,22.0,11.0,22.0,11.0,22.0,14.0,22.0,15.0,22.0,1,0,1,1,1,1,1
4.3,105,1,11.0,22.0,11.0,22.0,11.0,22.0,11.0,22.0,11.0,22.0,11.0,22.0,11.0,22.0,1,1,1,1,1,1,1
4.2,156,1,11.0,22.0,11.0,22.0,11.0,22.0,11.0,22.0,11.0,22.0,11.0,22.0,11.0,22.0,1,0,1,1,1,1,1
2.8,234,1,11.0,2.0,11.0,2.0,11.0,2.0,11.0,2.0,11.0,2.0,11.0,2.0,11.0,2.0,1,1,1,0,1,1,1
4.1,75,1,11.0,22.0,11.0,22.0,11.0,22.0,11.0,22.0,11.0,22.0,11.0,22.0,11.0,22.0,1,0,1,1,0,0,0
4.2,68,1,10.0,20.0,10.0,20.0,10.0,20.0,10.0,20.0,10.0,20.0,10.0,20.0,10.0,20.0,1,1,1,1,1,1,1
3.8,105,2,10.0,22.0,10.0,22.0,10.0,22.0,10.0,22.0,10.0,22.0,10.0,22.0,10.0,22.0,1,1,1,1,1,1,1
4.1,71,1,11.0,2.0,11.0,2.0,11.0,2.0,11.0,2.0,11.0,2.0,11.0,2.0,11.0,2.0,1,1,1,1,1,1,1
4.4,104,2,11.0,22.0,11.0,22.0,11.0,22.0,11.0,22.0,11.0,22.0,11.0,22.0,11.0,22.0,1,1,1,0,0,0,0
4.4,34,1,7.0,21.0,7.0,21.0,7.0,21.0,7.0,21.0,7.0,21.0,7.0,21.0,8.0,21.0,0,0,1,1,1,1,1
3.4,178,1,11.0,1.0,11.0,1.0,11.0,1.0,11.0,1.0,11.0,2.0,11.0,2.0,11.0,1.0,1,0,1,1,1,1,0
3.8,218,2,10.0,22.0,10.0,22.0,10.0,22.0,10.0,22.0,10.0,23.0,10.0,23.0,10.0,22.0,1,1,1,1,1,1,1
3.5,85,2,11.0,0.0,11.0,0.0,11.0,0.0,11.0,0.0,11.0,2.0,11.0,2.0,11.0,0.0,1,0,1,1,1,1,1
4.4,55,1,11.0,22.0,11.0,22.0,11.0,22.0,11.0,22.0,11.0,22.0,11.0,22.0,12.0,21.0,1,0,1,1,0,0,0
4.0,108,1,11.0,22.0,11.0,22.0,11.0,22.0,11.0,22.0,11.0,23.0,11.0,23.0,11.0,22.0,1,1,1,1,1,1,1
4.1,147,1,10.0,21.0,10.0,21.0,10.0,21.0,10.0,21.0,10.0,23.0,10.0,23.0,10.0,21.0,1,1,1,1,1,1,1
4.2,159,1,11.0,22.0,11.0,22.0,11.0,22.0,11.0,22.0,11.0,23.0,11.0,23.0,12.0,22.0,1,1,1,1,1,1,1
3.2,123,1,11.0,0.0,11.0,0.0,11.0,0.0,11.0,0.0,11.0,1.0,11.0,1.0,11.0,0.0,1,0,1,1,1,1,1
4.4,68,2,11.0,22.0,11.0,22.0,11.0,22.0,11.0,22.0,11.0,22.0,11.0,22.0,11.0,22.0,1,1,1,1,1,1,1
3.7,128,2,16.0,3.0,16.0,3.0,16.0,3.0,16.0,4.0,16.0,4.0,16.0,4.0,16.0,3.0,1,0,1,0,0,0,0
4.6,194,1,10.0,0.0,10.0,0.0,10.0,0.0,10.0,0.0,10.0,1.0,10.0,1.0,10.0,0.0,1,1,1,0,0,0,0
4.6,38,1,11.0,22.0,11.0,22.0,11.0,22.0,11.0,22.0,11.0,22.0,11.0,22.0,11.0,22.0,1,0,1,1,0,0,0
4.2,108,1,10.0,22.0,10.0,22.0,10.0,22.0,10.0,22.0,10.0,22.0,10.0,22.0,10.0,22.0,1,1,1,1,1,1,1
4.3,88,1,11.0,21.0,11.0,21.0,11.0,21.0,11.0,21.0,11.0,21.0,11.0,21.0,11.0,21.0,1,1,1,1,1,1,1
4.0,196,1,11.0,22.0,11.0,22.0,11.0,22.0,11.0,22.0,11.0,22.0,11.0,22.0,12.0,22.0,1,0,1,0,0,0,0
4.6,205,1,11.0,21.0,11.0,22.0,11.0,22.0,11.0,22.0,11.0,22.0,11.0,22.0,11.0,21.0,1,0,1,1,1,1,1
4.0,108,2,11.0,21.0,11.0,21.0,11.0,21.0,11.0,21.0,11.0,22.0,11.0,22.0,11.0,21.0,1,1,1,1,1,1,1
3.7,98,2,11.0,22.0,11.0,22.0,11.0,22.0,11.0,22.0,11.0,22.0,11.0,22.0,11.0,22.0,1,0,0,1,0,0,0
4.4,218,2,11.0,21.0,11.0,21.0,11.0,21.0,11.0,21.0,11.0,21.0,11.0,21.0,11.0,21.0,1,0,1,1,1,1,1
4.4,107,1,12.0,22.0,12.0,22.0,12.0,22.0,12.0,22.0,12.0,22.0,12.0,22.0,12.0,22.0,1,0,1,0,0,0,0
4.4,88,2,10.0,22.0,10.0,22.0,10.0,22.0,10.0,22.0,10.0,22.0,10.0,22.0,10.0,22.0,1,1,1,0,0,0,0
4.0,156,1,10.0,22.0,10.0,22.0,10.0,22.0,10.0,22.0,10.0,22.0,10.0,22.0,10.0,21.0,1,1,1,1,1,1,1
4.0,128,1,10.0,22.0,10.0,22.0,10.0,22.0,10.0,22.0,10.0,22.0,10.0,22.0,12.0,22.0,0,0,1,1,1,1,1
3.6,234,1,11.0,22.0,11.0,22.0,11.0,22.0,11.0,22.0,11.0,23.0,11.0,23.0,11.0,22.0,1,1,1,0,0,0,0
3.5,24,1,10.0,22.0,10.0,22.0,10.0,22.0,10.0,22.0,10.0,22.0,10.0,22.0,10.0,22.0,1,0,0,0,0,0,0
4.7,78,2,11.0,21.0,11.0,21.0,11.0,21.0,11.0,21.0,11.0,22.0,11.0,22.0,11.0,21.0,1,1,1,1,1,1,1
4.6,108,1,10.0,21.0,10.0,21.0,10.0,21.0,10.0,21.0,10.0,21.0,10.0,21.0,10.0,21.0,1,1,1,1,1,1,1
4.0,127,2,11.0,20.0,11.0,20.0,11.0,20.0,11.0,20.0,11.0,21.0,11.0,21.0,11.0,20.0,1,1,1,1,1,1,1
3.9,197,2,11.0,22.0,11.0,22.0,11.0,22.0,11.0,22.0,11.0,23.0,11.0,23.0,12.0,22.0,1,0,1,1,1,0,0
4.1,248,1,11.0,21.0,11.0,21.0,11.0,21.0,11.0,21.0,11.0,21.0,11.0,21.0,11.0,20.0,1,1,1,1,1,1,1
4.1,34,2,10.0,22.0,10.0,22.0,10.0,22.0,10.0,22.0,10.0,23.0,10.0,23.0,11.0,22.0,1,0,0,1,1,1,1
4.0,94,1,16.0,21.0,16.0,21.0,16.0,21.0,16.0,21.0,16.0,21.0,16.0,21.0,11.0,21.0,1,0,1,1,0,0,0
4.5,66,1,13.0,23.0,12.0,23.0,12.0,23.0,12.0,0.0,12.0,3.0,12.0,3.0,13.0,23.0,1,0,1,1,1,1,1
4.5,98,1,11.0,22.0,11.0,22.0,11.0,22.0,11.0,22.0,11.0,23.0,11.0,23.0,12.0,22.0,1,1,1,0,1,1,1
4.5,177,1,11.0,21.0,11.0,21.0,11.0,21.0,11.0,21.0,11.0,21.0,11.0,21.0,11.0,21.0,1,1,1,1,1,1,1
4.2,96,1,11.0,22.0,11.0,22.0,11.0,22.0,11.0,22.0,11.0,22.0,11.0,22.0,12.0,22.0,1,1,1,1,1,1,1
4.1,98,2,10.0,22.0,10.0,22.0,10.0,22.0,10.0,22.0,10.0,23.0,10.0,23.0,10.0,22.0,1,1,1,1,1,1,1
4.4,118,2,11.0,22.0,11.0,22.0,11.0,22.0,11.0,22.0,11.0,22.0,11.0,22.0,11.0,22.0,1,1,1,1,1,1,1
4.0,78,2,10.0,2.0,10.0,2.0,10.0,2.0,10.0,2.0,10.0,2.0,10.0,2.0,10.0,21.0,1,0,1,0,0,0,0
4.1,198,1,10.0,21.0,10.0,21.0,10.0,21.0,10.0,21.0,10.0,22.0,10.0,22.0,11.0,20.0,1,1,1,1,1,1,1
4.2,88,1,11.0,21.0,11.0,21.0,11.0,21.0,11.0,21.0,11.0,22.0,11.0,22.0,11.0,21.0,1,1,1,0,0,0,0
3.5,121,2,11.0,22.0,11.0,22.0,11.0,22.0,11.0,22.0,11.0,22.0,11.0,22.0,11.0,22.0,1,1,1,1,1,1,1
4.8,488,1,11.0,23.0,11.0,23.0,11.0,23.0,11.0,23.0,11.0,0.0,11.0,0.0,11.0,23.0,1,1,1,1,1,1,1
4.0,138,1,11.0,23.0,11.0,23.0,11.0,23.0,11.0,23.0,11.0,0.0,11.0,0.0,11.0,23.0,1,1,1,1,0,0,0
3.6,46,1,11.0,4.0,11.0,4.0,11.0,4.0,11.0,4.0,11.0,4.0,11.0,4.0,11.0,4.0,1,0,1,0,1,1,1
4.2,78,1,11.0,21.0,11.0,21.0,11.0,21.0,11.0,21.0,11.0,22.0,11.0,22.0,14.0,21.0,1,0,1,1,1,1,1
4.2,98,1,11.0,22.0,11.0,22.0,11.0,22.0,11.0,22.0,11.0,22.0,11.0,22.0,11.0,22.0,1,0,1,1,1,1,1
4.2,128,1,11.0,22.0,11.0,22.0,11.0,22.0,11.0,22.0,11.0,22.0,11.0,22.0,12.0,21.0,1,1,1,1,1,1,1
4.1,144,2,11.0,21.0,11.0,21.0,11.0,21.0,11.0,21.0,11.0,21.0,11.0,21.0,11.0,21.0,1,1,1,1,1,1,1
3.4,224,1,11.0,2.0,11.0,2.0,11.0,2.0,11.0,2.0,11.0,3.0,11.0,3.0,11.0,1.0,1,0,1,0,0,0,0
3.9,96,1,8.0,21.0,8.0,21.0,8.0,21.0,8.0,21.0,8.0,21.0,8.0,21.0,8.0,15.0,1,1,1,1,1,1,1
4.2,108,1,11.0,22.0,11.0,22.0,11.0,22.0,11.0,22.0,11.0,23.0,11.0,23.0,12.0,22.0,1,1,1,1,1,1,1
3.8,98,2,11.0,21.0,11.0,21.0,11.0,21.0,11.0,21.0,11.0,21.0,11.0,21.0,11.0,20.0,1,1,1,1,1,1,1
4.1,68,2,11.0,23.0,11.0,23.0,11.0,23.0,11.0,23.0,11.0,23.0,11.0,23.0,11.0,23.0,1,0,1,0,1,1,1
4.3,158,1,10.0,22.0,12.0,22.0,10.0,22.0,10.0,0.0,10.0,22.0,10.0,22.0,10.0,22.0,1,1,1,1,1,1,1
4.3,108,1,11.0,21.0,11.0,21.0,11.0,21.0,11.0,21.0,11.0,21.0,11.0,21.0,12.0,21.0,1,0,1,1,1,1,1
3.3,225,1,11.0,22.0,11.0,22.0,11.0,22.0,11.0,22.0,11.0,0.0,11.0,0.0,11.0,22.0,1,1,1,0,0,0,0
4.1,137,2,11.0,22.0,11.0,22.0,11.0,22.0,11.0,22.0,11.0,23.0,11.0,23.0,11.0,23.0,1,0,1,0,0,0,0
4.0,196,2,11.0,20.0,11.0,20.0,11.0,20.0,11.0,20.0,11.0,21.0,11.0,21.0,12.0,20.0,1,1,1,1,1,1,1
4.6,34,1,11.0,23.0,11.0,23.0,11.0,23.0,11.0,23.0,11.0,23.0,11.0,23.0,11.0,23.0,1,0,1,1,1,1,1
4.4,95,1,11.0,22.0,11.0,22.0,11.0,22.0,11.0,22.0,11.0,22.0,11.0,22.0,11.0,22.0,1,1,1,1,1,1,1
3.7,98,2,11.0,21.0,11.0,21.0,11.0,21.0,11.0,21.0,11.0,21.0,11.0,21.0,12.0,21.0,1,1,1,1,1,1,1
3.5,248,1,10.0,1.0,10.0,1.0,10.0,1.0,10.0,1.0,10.0,3.0,10.0,3.0,10.0,1.0,1,1,1,0,0,0,0
4.7,178,1,11.0,21.0,11.0,21.0,11.0,21.0,11.0,21.0,11.0,22.0,11.0,22.0,12.0,21.0,1,1,1,1,1,1,1
3.9,98,1,11.0,22.0,11.0,22.0,11.0,22.0,11.0,22.0,11.0,22.0,11.0,22.0,11.0,22.0,1,1,1,1,1,1,1
4.1,123,1,8.0,2.0,8.0,2.0,8.0,2.0,8.0,2.0,8.0,2.0,8.0,2.0,8.0,2.0,1,1,1,1,1,1,1
4.3,38,1,16.0,20.0,16.0,20.0,16.0,20.0,16.0,20.0,16.0,20.0,16.0,20.0,16.0,20.0,0,1,1,1,1,0,1
4.0,78,1,10.0,18.0,10.0,18.0,10.0,18.0,10.0,18.0,10.0,18.0,10.0,17.0,10.0,17.0,1,0,0,1,0,0,0
4.0,25,1,11.0,22.0,11.0,22.0,11.0,22.0,11.0,22.0,11.0,23.0,11.0,23.0,12.0,22.0,1,0,1,0,0,0,0
4.4,38,2,11.0,23.0,11.0,23.0,11.0,23.0,11.0,23.0,11.0,23.0,11.0,23.0,11.0,23.0,1,0,1,0,0,0,0
4.3,112,2,11.0,22.0,11.0,22.0,11.0,22.0,11.0,22.0,11.0,23.0,11.0,23.0,11.0,22.0,1,1,1,1,1,1,1
2.8,388,1,10.0,2.0,10.0,2.0,10.0,2.0,10.0,2.0,10.0,2.0,10.0,2.0,22.0,2.0,1,1,1,0,0,0,0
4.5,168,1,10.0,22.0,10.0,22.0,10.0,22.0,10.0,22.0,10.0,22.0,10.0,22.0,10.0,22.0,1,1,1,1,1,1,1
4.6,188,1,11.0,20.0,11.0,20.0,11.0,20.0,11.0,20.0,11.0,21.0,11.0,20.0,14.0,19.0,1,1,1,1,1,1,1
3.9,135,1,10.0,1.0,10.0,1.0,10.0,1.0,10.0,1.0,10.0,2.0,10.0,2.0,10.0,1.0,1,1,1,0,0,0,0
4.6,107,1,10.0,21.0,10.0,21.0,10.0,21.0,10.0,21.0,10.0,21.0,10.0,21.0,10.0,21.0,1,0,1,1,1,1,1
4.4,167,1,11.0,21.0,11.0,21.0,11.0,21.0,11.0,21.0,11.0,22.0,11.0,22.0,11.0,21.0,1,1,1,1,1,1,1
4.4,158,2,10.0,22.0,10.0,22.0,10.0,22.0,10.0,22.0,10.0,22.0,10.0,22.0,10.0,22.0,1,0,1,1,1,1,1
4.0,35,2,11.0,21.0,11.0,21.0,11.0,21.0,11.0,21.0,11.0,21.0,11.0,21.0,13.0,21.0,1,0,1,1,1,1,1
4.2,38,2,11.0,22.0,11.0,22.0,11.0,22.0,11.0,22.0,11.0,22.0,11.0,22.0,12.0,21.0,1,1,1,1,1,1,1
4.3,128,1,11.0,23.0,11.0,23.0,11.0,23.0,11.0,23.0,11.0,23.0,11.0,23.0,11.0,23.0,1,0,1,1,1,1,1
4.2,186,1,11.0,21.0,11.0,21.0,11.0,21.0,11.0,21.0,11.0,21.0,11.0,21.0,11.0,21.0,1,1,1,1,1,1,1
4.2,56,1,11.0,21.0,11.0,21.0,11.0,21.0,11.0,21.0,11.0,22.0,11.0,22.0,12.0,21.0,1,0,1,1,1,1,1
4.2,128,1,11.0,23.0,11.0,23.0,11.0,23.0,11.0,23.0,11.0,23.0,11.0,23.0,11.0,23.0,1,1,1,1,1,1,1
4.1,144,2,11.0,22.0,11.0,22.0,11.0,22.0,11.0,22.0,11.0,23.0,11.0,23.0,11.0,22.0,1,1,1,1,1,1,1
3.8,76,1,11.0,23.0,11.0,23.0,11.0,23.0,11.0,23.0,11.0,23.0,11.0,23.0,11.0,23.0,1,1,1,0,0,0,0
4.8,188,1,11.0,21.0,11.0,21.0,11.0,21.0,11.0,21.0,11.0,22.0,11.0,22.0,11.0,21.0,1,1,1,1,0,0,0
4.2,88,2,10.0,22.0,10.0,22.0,10.0,22.0,10.0,22.0,10.0,22.0,10.0,22.0,11.0,21.0,1,1,1,1,1,1,1
4.5,38,1,11.0,20.0,11.0,20.0,11.0,20.0,11.0,20.0,11.0,20.0,11.0,20.0,11.0,20.0,1,1,1,1,1,1,1
3.3,213,1,10.0,1.0,10.0,1.0,10.0,1.0,10.0,1.0,10.0,2.0,10.0,2.0,10.0,1.0,1,1,1,0,0,0,0
4.2,124,1,11.0,22.0,11.0,22.0,11.0,22.0,11.0,22.0,11.0,23.0,11.0,23.0,11.0,22.0,1,1,1,1,1,1,0
4.1,68,2,10.0,23.0,10.0,23.0,10.0,23.0,10.0,23.0,10.0,23.0,10.0,23.0,11.0,22.0,1,0,1,1,0,0,0
4.4,90,1,10.0,22.0,10.0,22.0,10.0,22.0,10.0,22.0,10.0,23.0,10.0,23.0,11.0,22.0,1,0,1,1,1,1,1
4.8,53,2,16.0,22.0,16.0,22.0,16.0,22.0,16.0,22.0,12.0,22.0,11.0,22.0,11.0,22.0,1,1,1,1,1,1,1
4.2,78,2,11.0,0.0,11.0,0.0,11.0,0.0,11.0,0.0,11.0,4.0,11.0,4.0,11.0,4.0,1,0,1,0,0,0,0
